applicant_id,month,due_date,paid_date,borrower_type
0,1,2024-01-02,2024-01-01,good
0,2,2024-02-02,2024-01-28,good
0,3,2024-03-02,2024-02-24,good
0,4,2024-04-02,2024-03-21,good
0,5,2024-05-02,2024-04-20,good
0,6,2024-06-02,2024-05-18,good
0,7,2024-07-02,2024-06-29,good
0,8,2024-08-02,2024-07-26,good
0,9,2024-09-02,2024-08-28,good
0,10,2024-10-02,2024-09-17,good
0,11,2024-11-02,2024-11-01,good
0,12,2024-12-02,2024-11-27,good
1,1,2024-01-02,2023-12-21,good
1,2,2024-02-02,2024-01-21,good
1,3,2024-03-02,2024-02-21,good
1,4,2024-04-02,2024-03-25,good
1,5,2024-05-02,2024-04-24,good
1,6,2024-06-02,2024-05-23,good
1,7,2024-07-02,2024-06-25,good
1,8,2024-08-02,2024-07-21,good
1,9,2024-09-02,2024-08-23,good
1,10,2024-10-02,2024-09-22,good
1,11,2024-11-02,2024-10-25,good
1,12,2024-12-02,2024-11-27,good
2,1,2024-01-02,2023-12-25,good
2,2,2024-02-02,2024-01-26,good
2,3,2024-03-02,2024-02-16,good
2,4,2024-04-02,2024-03-26,good
2,5,2024-05-02,2024-04-20,good
2,6,2024-06-02,2024-05-18,good
2,7,2024-07-02,2024-06-29,good
2,8,2024-08-02,2024-08-01,good
2,9,2024-09-02,2024-08-28,good
2,10,2024-10-02,2024-09-22,good
2,11,2024-11-02,2024-10-18,good
2,12,2024-12-02,2024-11-25,good
3,1,2024-01-02,2023-12-21,good
3,2,2024-02-02,2024-01-25,good
3,3,2024-03-02,2024-02-16,good
3,4,2024-04-02,2024-03-30,good
3,5,2024-05-02,2024-04-22,good
3,6,2024-06-02,2024-05-26,good
3,7,2024-07-02,2024-06-22,good
3,8,2024-08-02,2024-07-25,good
3,9,2024-09-02,2024-08-25,good
3,10,2024-10-02,2024-09-20,good
3,11,2024-11-02,2024-11-01,good
3,12,2024-12-02,2024-11-27,good
4,1,2024-01-02,2024-02-16,risky
4,2,2024-02-02,2024-03-03,risky
4,3,2024-03-02,2024-04-16,risky
4,4,2024-04-02,2024-04-07,risky
4,5,2024-05-02,2024-05-07,risky
4,6,2024-06-02,2024-06-02,risky
4,7,2024-07-02,2024-07-17,risky
4,8,2024-08-02,2024-08-17,risky
4,9,2024-09-02,2024-09-17,risky
4,10,2024-10-02,2024-11-16,risky
4,11,2024-11-02,2024-11-17,risky
4,12,2024-12-02,2024-12-17,risky
5,1,2024-01-02,2023-12-21,good
5,2,2024-02-02,2024-01-28,good
5,3,2024-03-02,2024-02-16,good
5,4,2024-04-02,2024-04-02,good
5,5,2024-05-02,2024-04-27,good
5,6,2024-06-02,2024-05-21,good
5,7,2024-07-02,2024-06-17,good
5,8,2024-08-02,2024-07-28,good
5,9,2024-09-02,2024-08-28,good
5,10,2024-10-02,2024-09-27,good
5,11,2024-11-02,2024-10-28,good
5,12,2024-12-02,2024-11-17,good
6,1,2024-01-02,2023-12-21,good
6,2,2024-02-02,2024-01-30,good
6,3,2024-03-02,2024-02-24,good
6,4,2024-04-02,2024-03-23,good
6,5,2024-05-02,2024-04-17,good
6,6,2024-06-02,2024-05-23,good
6,7,2024-07-02,2024-06-22,good
6,8,2024-08-02,2024-07-28,good
6,9,2024-09-02,2024-08-26,good
6,10,2024-10-02,2024-09-29,good
6,11,2024-11-02,2024-10-25,good
6,12,2024-12-02,2024-11-20,good
7,1,2024-01-02,2024-01-17,mixed
7,2,2024-02-02,2024-02-13,mixed
7,3,2024-03-02,2024-02-24,mixed
7,4,2024-04-02,2024-04-04,mixed
7,5,2024-05-02,2024-05-11,mixed
7,6,2024-06-02,2024-06-09,mixed
7,7,2024-07-02,2024-07-03,mixed
7,8,2024-08-02,2024-08-03,mixed
7,9,2024-09-02,2024-09-08,mixed
7,10,2024-10-02,2024-10-05,mixed
7,11,2024-11-02,2024-10-30,mixed
7,12,2024-12-02,2024-12-11,mixed
8,1,2024-01-02,2023-12-26,good
8,2,2024-02-02,2024-01-26,good
8,3,2024-03-02,2024-02-19,good
8,4,2024-04-02,2024-03-26,good
8,5,2024-05-02,2024-04-24,good
8,6,2024-06-02,2024-05-21,good
8,7,2024-07-02,2024-06-29,good
8,8,2024-08-02,2024-07-26,good
8,9,2024-09-02,2024-08-26,good
8,10,2024-10-02,2024-09-29,good
8,11,2024-11-02,2024-10-26,good
8,12,2024-12-02,2024-11-22,good
9,1,2024-01-02,2023-12-25,good
9,2,2024-02-02,2024-01-21,good
9,3,2024-03-02,2024-02-23,good
9,4,2024-04-02,2024-03-30,good
9,5,2024-05-02,2024-04-22,good
9,6,2024-06-02,2024-05-21,good
9,7,2024-07-02,2024-06-22,good
9,8,2024-08-02,2024-07-30,good
9,9,2024-09-02,2024-08-23,good
9,10,2024-10-02,2024-09-25,good
9,11,2024-11-02,2024-10-18,good
9,12,2024-12-02,2024-11-22,good
10,1,2024-01-02,2023-12-21,good
10,2,2024-02-02,2024-01-25,good
10,3,2024-03-02,2024-02-23,good
10,4,2024-04-02,2024-03-26,good
10,5,2024-05-02,2024-04-22,good
10,6,2024-06-02,2024-05-21,good
10,7,2024-07-02,2024-06-20,good
10,8,2024-08-02,2024-07-21,good
10,9,2024-09-02,2024-08-26,good
10,10,2024-10-02,2024-09-24,good
10,11,2024-11-02,2024-10-18,good
10,12,2024-12-02,2024-11-22,good
11,1,2024-01-02,2023-12-26,good
11,2,2024-02-02,2024-01-28,good
11,3,2024-03-02,2024-02-19,good
11,4,2024-04-02,2024-04-02,good
11,5,2024-05-02,2024-04-22,good
11,6,2024-06-02,2024-06-01,good
11,7,2024-07-02,2024-06-24,good
11,8,2024-08-02,2024-07-18,good
11,9,2024-09-02,2024-08-23,good
11,10,2024-10-02,2024-09-25,good
11,11,2024-11-02,2024-10-26,good
11,12,2024-12-02,2024-11-24,good
12,1,2024-01-02,2023-12-26,good
12,2,2024-02-02,2024-01-26,good
12,3,2024-03-02,2024-02-16,good
12,4,2024-04-02,2024-03-23,good
12,5,2024-05-02,2024-04-20,good
12,6,2024-06-02,2024-05-28,good
12,7,2024-07-02,2024-06-24,good
12,8,2024-08-02,2024-08-02,good
12,9,2024-09-02,2024-08-23,good
12,10,2024-10-02,2024-09-27,good
12,11,2024-11-02,2024-10-28,good
12,12,2024-12-02,2024-11-20,good
13,1,2024-01-02,2023-12-26,good
13,2,2024-02-02,2024-01-30,good
13,3,2024-03-02,2024-02-21,good
13,4,2024-04-02,2024-03-21,good
13,5,2024-05-02,2024-04-27,good
13,6,2024-06-02,2024-05-28,good
13,7,2024-07-02,2024-06-22,good
13,8,2024-08-02,2024-07-18,good
13,9,2024-09-02,2024-08-30,good
13,10,2024-10-02,2024-09-22,good
13,11,2024-11-02,2024-10-25,good
13,12,2024-12-02,2024-11-27,good
14,1,2024-01-02,2023-12-24,mixed
14,2,2024-02-02,2024-01-24,mixed
14,3,2024-03-02,2024-02-29,mixed
14,4,2024-04-02,2024-03-26,mixed
14,5,2024-05-02,2024-05-08,mixed
14,6,2024-06-02,2024-06-15,mixed
14,7,2024-07-02,2024-07-11,mixed
14,8,2024-08-02,2024-08-02,mixed
14,9,2024-09-02,2024-09-02,mixed
14,10,2024-10-02,2024-09-23,mixed
14,11,2024-11-02,2024-10-29,mixed
14,12,2024-12-02,2024-12-01,mixed
15,1,2024-01-02,2023-12-18,good
15,2,2024-02-02,2024-01-30,good
15,3,2024-03-02,2024-02-28,good
15,4,2024-04-02,2024-03-26,good
15,5,2024-05-02,2024-04-22,good
15,6,2024-06-02,2024-05-23,good
15,7,2024-07-02,2024-06-27,good
15,8,2024-08-02,2024-07-30,good
15,9,2024-09-02,2024-08-30,good
15,10,2024-10-02,2024-09-27,good
15,11,2024-11-02,2024-10-26,good
15,12,2024-12-02,2024-11-17,good
16,1,2024-01-02,2023-12-30,good
16,2,2024-02-02,2024-01-26,good
16,3,2024-03-02,2024-02-16,good
16,4,2024-04-02,2024-03-21,good
16,5,2024-05-02,2024-04-25,good
16,6,2024-06-02,2024-05-18,good
16,7,2024-07-02,2024-06-20,good
16,8,2024-08-02,2024-07-25,good
16,9,2024-09-02,2024-08-26,good
16,10,2024-10-02,2024-09-25,good
16,11,2024-11-02,2024-10-21,good
16,12,2024-12-02,2024-11-27,good
17,1,2024-01-02,2023-12-23,good
17,2,2024-02-02,2024-01-28,good
17,3,2024-03-02,2024-02-24,good
17,4,2024-04-02,2024-03-28,good
17,5,2024-05-02,2024-04-25,good
17,6,2024-06-02,2024-05-26,good
17,7,2024-07-02,2024-06-17,good
17,8,2024-08-02,2024-07-23,good
17,9,2024-09-02,2024-08-23,good
17,10,2024-10-02,2024-09-20,good
17,11,2024-11-02,2024-11-01,good
17,12,2024-12-02,2024-11-22,good
18,1,2024-01-02,2024-02-01,risky
18,2,2024-02-02,2024-03-03,risky
18,3,2024-03-02,2024-03-17,risky
18,4,2024-04-02,2024-05-02,risky
18,5,2024-05-02,2024-05-17,risky
18,6,2024-06-02,2024-06-07,risky
18,7,2024-07-02,2024-08-01,risky
18,8,2024-08-02,2024-08-17,risky
18,9,2024-09-02,2024-09-02,risky
18,10,2024-10-02,2024-11-01,risky
18,11,2024-11-02,2024-11-07,risky
18,12,2024-12-02,2025-01-16,risky
19,1,2024-01-02,2024-02-16,risky
19,2,2024-02-02,2024-02-17,risky
19,3,2024-03-02,2024-03-02,risky
19,4,2024-04-02,2024-05-17,risky
19,5,2024-05-02,2024-05-17,risky
19,6,2024-06-02,2024-08-01,risky
19,7,2024-07-02,2024-08-31,risky
19,8,2024-08-02,2024-09-16,risky
19,9,2024-09-02,2024-09-17,risky
19,10,2024-10-02,2024-10-17,risky
19,11,2024-11-02,2024-12-17,risky
19,12,2024-12-02,2024-12-17,risky
20,1,2024-01-02,2023-12-26,good
20,2,2024-02-02,2024-01-30,good
20,3,2024-03-02,2024-02-24,good
20,4,2024-04-02,2024-03-26,good
20,5,2024-05-02,2024-04-17,good
20,6,2024-06-02,2024-05-26,good
20,7,2024-07-02,2024-07-02,good
20,8,2024-08-02,2024-07-21,good
20,9,2024-09-02,2024-08-25,good
20,10,2024-10-02,2024-09-29,good
20,11,2024-11-02,2024-10-28,good
20,12,2024-12-02,2024-11-25,good
21,1,2024-01-02,2024-01-02,mixed
21,2,2024-02-02,2024-02-11,mixed
21,3,2024-03-02,2024-03-08,mixed
21,4,2024-04-02,2024-03-26,mixed
21,5,2024-05-02,2024-05-15,mixed
21,6,2024-06-02,2024-05-31,mixed
21,7,2024-07-02,2024-06-23,mixed
21,8,2024-08-02,2024-07-25,mixed
21,9,2024-09-02,2024-09-05,mixed
21,10,2024-10-02,2024-10-11,mixed
21,11,2024-11-02,2024-10-24,mixed
21,12,2024-12-02,2024-12-14,mixed
22,1,2024-01-02,2024-01-17,mixed
22,2,2024-02-02,2024-02-10,mixed
22,3,2024-03-02,2024-03-04,mixed
22,4,2024-04-02,2024-04-02,mixed
22,5,2024-05-02,2024-05-04,mixed
22,6,2024-06-02,2024-06-06,mixed
22,7,2024-07-02,2024-06-29,mixed
22,8,2024-08-02,2024-07-26,mixed
22,9,2024-09-02,2024-09-03,mixed
22,10,2024-10-02,2024-10-16,mixed
22,11,2024-11-02,2024-11-16,mixed
22,12,2024-12-02,2024-11-25,mixed
23,1,2024-01-02,2023-12-30,mixed
23,2,2024-02-02,2024-01-24,mixed
23,3,2024-03-02,2024-02-25,mixed
23,4,2024-04-02,2024-03-27,mixed
23,5,2024-05-02,2024-05-01,mixed
23,6,2024-06-02,2024-05-29,mixed
23,7,2024-07-02,2024-07-08,mixed
23,8,2024-08-02,2024-08-12,mixed
23,9,2024-09-02,2024-09-03,mixed
23,10,2024-10-02,2024-09-26,mixed
23,11,2024-11-02,2024-11-07,mixed
23,12,2024-12-02,2024-12-13,mixed
24,1,2024-01-02,2023-12-28,good
24,2,2024-02-02,2024-01-21,good
24,3,2024-03-02,2024-02-24,good
24,4,2024-04-02,2024-03-18,good
24,5,2024-05-02,2024-04-17,good
24,6,2024-06-02,2024-05-25,good
24,7,2024-07-02,2024-06-24,good
24,8,2024-08-02,2024-07-26,good
24,9,2024-09-02,2024-08-28,good
24,10,2024-10-02,2024-10-01,good
24,11,2024-11-02,2024-10-25,good
24,12,2024-12-02,2024-11-22,good
25,1,2024-01-02,2023-12-30,mixed
25,2,2024-02-02,2024-01-26,mixed
25,3,2024-03-02,2024-03-13,mixed
25,4,2024-04-02,2024-03-28,mixed
25,5,2024-05-02,2024-04-25,mixed
25,6,2024-06-02,2024-06-09,mixed
25,7,2024-07-02,2024-07-06,mixed
25,8,2024-08-02,2024-07-28,mixed
25,9,2024-09-02,2024-09-17,mixed
25,10,2024-10-02,2024-10-17,mixed
25,11,2024-11-02,2024-11-03,mixed
25,12,2024-12-02,2024-12-16,mixed
26,1,2024-01-02,2023-12-18,good
26,2,2024-02-02,2024-01-21,good
26,3,2024-03-02,2024-02-28,good
26,4,2024-04-02,2024-03-26,good
26,5,2024-05-02,2024-04-24,good
26,6,2024-06-02,2024-05-26,good
26,7,2024-07-02,2024-06-24,good
26,8,2024-08-02,2024-07-28,good
26,9,2024-09-02,2024-08-18,good
26,10,2024-10-02,2024-09-25,good
26,11,2024-11-02,2024-10-21,good
26,12,2024-12-02,2024-11-20,good
27,1,2024-01-02,2023-12-18,good
27,2,2024-02-02,2024-01-18,good
27,3,2024-03-02,2024-02-21,good
27,4,2024-04-02,2024-04-01,good
27,5,2024-05-02,2024-04-20,good
27,6,2024-06-02,2024-05-18,good
27,7,2024-07-02,2024-06-27,good
27,8,2024-08-02,2024-07-28,good
27,9,2024-09-02,2024-08-23,good
27,10,2024-10-02,2024-09-24,good
27,11,2024-11-02,2024-10-26,good
27,12,2024-12-02,2024-11-17,good
28,1,2024-01-02,2024-02-16,risky
28,2,2024-02-02,2024-02-17,risky
28,3,2024-03-02,2024-03-02,risky
28,4,2024-04-02,2024-05-17,risky
28,5,2024-05-02,2024-05-17,risky
28,6,2024-06-02,2024-06-17,risky
28,7,2024-07-02,2024-08-01,risky
28,8,2024-08-02,2024-09-01,risky
28,9,2024-09-02,2024-10-17,risky
28,10,2024-10-02,2024-11-16,risky
28,11,2024-11-02,2024-12-17,risky
28,12,2024-12-02,2025-01-01,risky
29,1,2024-01-02,2024-01-06,mixed
29,2,2024-02-02,2024-01-31,mixed
29,3,2024-03-02,2024-03-15,mixed
29,4,2024-04-02,2024-04-17,mixed
29,5,2024-05-02,2024-05-17,mixed
29,6,2024-06-02,2024-05-30,mixed
29,7,2024-07-02,2024-07-07,mixed
29,8,2024-08-02,2024-08-13,mixed
29,9,2024-09-02,2024-09-06,mixed
29,10,2024-10-02,2024-10-15,mixed
29,11,2024-11-02,2024-11-17,mixed
29,12,2024-12-02,2024-12-17,mixed
30,1,2024-01-02,2024-01-07,mixed
30,2,2024-02-02,2024-02-06,mixed
30,3,2024-03-02,2024-03-05,mixed
30,4,2024-04-02,2024-04-06,mixed
30,5,2024-05-02,2024-05-04,mixed
30,6,2024-06-02,2024-06-16,mixed
30,7,2024-07-02,2024-06-29,mixed
30,8,2024-08-02,2024-07-31,mixed
30,9,2024-09-02,2024-09-15,mixed
30,10,2024-10-02,2024-09-25,mixed
30,11,2024-11-02,2024-11-01,mixed
30,12,2024-12-02,2024-12-10,mixed
31,1,2024-01-02,2023-12-26,good
31,2,2024-02-02,2024-01-23,good
31,3,2024-03-02,2024-02-21,good
31,4,2024-04-02,2024-03-25,good
31,5,2024-05-02,2024-04-25,good
31,6,2024-06-02,2024-05-23,good
31,7,2024-07-02,2024-06-29,good
31,8,2024-08-02,2024-07-18,good
31,9,2024-09-02,2024-08-25,good
31,10,2024-10-02,2024-10-01,good
31,11,2024-11-02,2024-10-25,good
31,12,2024-12-02,2024-11-24,good
32,1,2024-01-02,2023-12-26,good
32,2,2024-02-02,2024-01-28,good
32,3,2024-03-02,2024-02-19,good
32,4,2024-04-02,2024-03-23,good
32,5,2024-05-02,2024-04-25,good
32,6,2024-06-02,2024-05-30,good
32,7,2024-07-02,2024-06-25,good
32,8,2024-08-02,2024-07-21,good
32,9,2024-09-02,2024-08-26,good
32,10,2024-10-02,2024-09-27,good
32,11,2024-11-02,2024-10-21,good
32,12,2024-12-02,2024-11-22,good
33,1,2024-01-02,2023-12-25,good
33,2,2024-02-02,2024-01-23,good
33,3,2024-03-02,2024-02-21,good
33,4,2024-04-02,2024-03-18,good
33,5,2024-05-02,2024-04-17,good
33,6,2024-06-02,2024-06-01,good
33,7,2024-07-02,2024-06-27,good
33,8,2024-08-02,2024-07-23,good
33,9,2024-09-02,2024-09-01,good
33,10,2024-10-02,2024-09-25,good
33,11,2024-11-02,2024-10-25,good
33,12,2024-12-02,2024-11-24,good
34,1,2024-01-02,2023-12-18,good
34,2,2024-02-02,2024-01-26,good
34,3,2024-03-02,2024-02-24,good
34,4,2024-04-02,2024-03-21,good
34,5,2024-05-02,2024-04-29,good
34,6,2024-06-02,2024-05-28,good
34,7,2024-07-02,2024-06-20,good
34,8,2024-08-02,2024-07-30,good
34,9,2024-09-02,2024-09-01,good
34,10,2024-10-02,2024-10-02,good
34,11,2024-11-02,2024-10-18,good
34,12,2024-12-02,2024-11-27,good
35,1,2024-01-02,2023-12-28,good
35,2,2024-02-02,2024-02-01,good
35,3,2024-03-02,2024-02-24,good
35,4,2024-04-02,2024-03-28,good
35,5,2024-05-02,2024-04-29,good
35,6,2024-06-02,2024-05-28,good
35,7,2024-07-02,2024-06-24,good
35,8,2024-08-02,2024-07-21,good
35,9,2024-09-02,2024-08-23,good
35,10,2024-10-02,2024-09-29,good
35,11,2024-11-02,2024-10-21,good
35,12,2024-12-02,2024-11-24,good
36,1,2024-01-02,2023-12-26,good
36,2,2024-02-02,2024-01-30,good
36,3,2024-03-02,2024-02-28,good
36,4,2024-04-02,2024-03-21,good
36,5,2024-05-02,2024-04-29,good
36,6,2024-06-02,2024-05-26,good
36,7,2024-07-02,2024-06-22,good
36,8,2024-08-02,2024-07-28,good
36,9,2024-09-02,2024-08-25,good
36,10,2024-10-02,2024-09-22,good
36,11,2024-11-02,2024-10-28,good
36,12,2024-12-02,2024-11-20,good
37,1,2024-01-02,2023-12-25,good
37,2,2024-02-02,2024-01-23,good
37,3,2024-03-02,2024-02-23,good
37,4,2024-04-02,2024-03-26,good
37,5,2024-05-02,2024-04-27,good
37,6,2024-06-02,2024-05-28,good
37,7,2024-07-02,2024-06-27,good
37,8,2024-08-02,2024-07-28,good
37,9,2024-09-02,2024-08-26,good
37,10,2024-10-02,2024-09-20,good
37,11,2024-11-02,2024-10-25,good
37,12,2024-12-02,2024-11-24,good
38,1,2024-01-02,2023-12-25,good
38,2,2024-02-02,2024-01-25,good
38,3,2024-03-02,2024-02-26,good
38,4,2024-04-02,2024-04-01,good
38,5,2024-05-02,2024-04-25,good
38,6,2024-06-02,2024-05-23,good
38,7,2024-07-02,2024-06-17,good
38,8,2024-08-02,2024-07-30,good
38,9,2024-09-02,2024-08-30,good
38,10,2024-10-02,2024-09-22,good
38,11,2024-11-02,2024-10-26,good
38,12,2024-12-02,2024-11-17,good
39,1,2024-01-02,2023-12-21,good
39,2,2024-02-02,2024-01-23,good
39,3,2024-03-02,2024-03-02,good
39,4,2024-04-02,2024-03-26,good
39,5,2024-05-02,2024-04-22,good
39,6,2024-06-02,2024-05-28,good
39,7,2024-07-02,2024-06-29,good
39,8,2024-08-02,2024-08-01,good
39,9,2024-09-02,2024-08-18,good
39,10,2024-10-02,2024-09-22,good
39,11,2024-11-02,2024-10-21,good
39,12,2024-12-02,2024-11-22,good
40,1,2024-01-02,2023-12-26,good
40,2,2024-02-02,2024-01-23,good
40,3,2024-03-02,2024-02-19,good
40,4,2024-04-02,2024-03-23,good
40,5,2024-05-02,2024-04-22,good
40,6,2024-06-02,2024-05-23,good
40,7,2024-07-02,2024-06-24,good
40,8,2024-08-02,2024-07-18,good
40,9,2024-09-02,2024-08-23,good
40,10,2024-10-02,2024-09-24,good
40,11,2024-11-02,2024-10-26,good
40,12,2024-12-02,2024-11-22,good
41,1,2024-01-02,2023-12-18,good
41,2,2024-02-02,2024-01-30,good
41,3,2024-03-02,2024-02-23,good
41,4,2024-04-02,2024-03-26,good
41,5,2024-05-02,2024-04-29,good
41,6,2024-06-02,2024-05-18,good
41,7,2024-07-02,2024-06-29,good
41,8,2024-08-02,2024-07-26,good
41,9,2024-09-02,2024-08-21,good
41,10,2024-10-02,2024-09-24,good
41,11,2024-11-02,2024-10-28,good
41,12,2024-12-02,2024-11-24,good
42,1,2024-01-02,2024-01-17,risky
42,2,2024-02-02,2024-03-03,risky
42,3,2024-03-02,2024-03-17,risky
42,4,2024-04-02,2024-05-17,risky
42,5,2024-05-02,2024-06-01,risky
42,6,2024-06-02,2024-06-07,risky
42,7,2024-07-02,2024-07-02,risky
42,8,2024-08-02,2024-08-07,risky
42,9,2024-09-02,2024-09-02,risky
42,10,2024-10-02,2024-10-07,risky
42,11,2024-11-02,2024-12-02,risky
42,12,2024-12-02,2024-12-17,risky
43,1,2024-01-02,2024-01-15,mixed
43,2,2024-02-02,2024-01-28,mixed
43,3,2024-03-02,2024-02-24,mixed
43,4,2024-04-02,2024-04-13,mixed
43,5,2024-05-02,2024-04-27,mixed
43,6,2024-06-02,2024-06-13,mixed
43,7,2024-07-02,2024-07-08,mixed
43,8,2024-08-02,2024-08-08,mixed
43,9,2024-09-02,2024-08-30,mixed
43,10,2024-10-02,2024-10-01,mixed
43,11,2024-11-02,2024-10-28,mixed
43,12,2024-12-02,2024-12-04,mixed
44,1,2024-01-02,2023-12-23,good
44,2,2024-02-02,2024-01-23,good
44,3,2024-03-02,2024-02-19,good
44,4,2024-04-02,2024-03-30,good
44,5,2024-05-02,2024-04-27,good
44,6,2024-06-02,2024-05-18,good
44,7,2024-07-02,2024-06-22,good
44,8,2024-08-02,2024-07-18,good
44,9,2024-09-02,2024-08-25,good
44,10,2024-10-02,2024-09-24,good
44,11,2024-11-02,2024-10-28,good
44,12,2024-12-02,2024-11-22,good
45,1,2024-01-02,2024-01-06,mixed
45,2,2024-02-02,2024-02-13,mixed
45,3,2024-03-02,2024-02-22,mixed
45,4,2024-04-02,2024-04-01,mixed
45,5,2024-05-02,2024-05-02,mixed
45,6,2024-06-02,2024-06-03,mixed
45,7,2024-07-02,2024-06-25,mixed
45,8,2024-08-02,2024-08-03,mixed
45,9,2024-09-02,2024-09-13,mixed
45,10,2024-10-02,2024-09-27,mixed
45,11,2024-11-02,2024-11-04,mixed
45,12,2024-12-02,2024-12-16,mixed
46,1,2024-01-02,2024-01-11,mixed
46,2,2024-02-02,2024-02-12,mixed
46,3,2024-03-02,2024-03-16,mixed
46,4,2024-04-02,2024-04-12,mixed
46,5,2024-05-02,2024-04-30,mixed
46,6,2024-06-02,2024-06-16,mixed
46,7,2024-07-02,2024-06-30,mixed
46,8,2024-08-02,2024-08-03,mixed
46,9,2024-09-02,2024-08-30,mixed
46,10,2024-10-02,2024-10-16,mixed
46,11,2024-11-02,2024-10-29,mixed
46,12,2024-12-02,2024-11-23,mixed
47,1,2024-01-02,2023-12-28,good
47,2,2024-02-02,2024-01-23,good
47,3,2024-03-02,2024-02-24,good
47,4,2024-04-02,2024-03-30,good
47,5,2024-05-02,2024-04-29,good
47,6,2024-06-02,2024-05-21,good
47,7,2024-07-02,2024-06-29,good
47,8,2024-08-02,2024-07-25,good
47,9,2024-09-02,2024-08-23,good
47,10,2024-10-02,2024-09-24,good
47,11,2024-11-02,2024-11-02,good
47,12,2024-12-02,2024-11-24,good
48,1,2024-01-02,2023-12-26,good
48,2,2024-02-02,2024-01-21,good
48,3,2024-03-02,2024-02-16,good
48,4,2024-04-02,2024-03-21,good
48,5,2024-05-02,2024-04-20,good
48,6,2024-06-02,2024-05-21,good
48,7,2024-07-02,2024-06-20,good
48,8,2024-08-02,2024-07-26,good
48,9,2024-09-02,2024-08-21,good
48,10,2024-10-02,2024-09-22,good
48,11,2024-11-02,2024-10-30,good
48,12,2024-12-02,2024-11-24,good
49,1,2024-01-02,2023-12-31,mixed
49,2,2024-02-02,2024-01-30,mixed
49,3,2024-03-02,2024-02-28,mixed
49,4,2024-04-02,2024-03-28,mixed
49,5,2024-05-02,2024-05-13,mixed
49,6,2024-06-02,2024-05-31,mixed
49,7,2024-07-02,2024-07-08,mixed
49,8,2024-08-02,2024-07-27,mixed
49,9,2024-09-02,2024-08-28,mixed
49,10,2024-10-02,2024-10-12,mixed
49,11,2024-11-02,2024-11-17,mixed
49,12,2024-12-02,2024-12-13,mixed
50,1,2024-01-02,2023-12-21,good
50,2,2024-02-02,2024-01-23,good
50,3,2024-03-02,2024-02-23,good
50,4,2024-04-02,2024-03-26,good
50,5,2024-05-02,2024-04-17,good
50,6,2024-06-02,2024-05-28,good
50,7,2024-07-02,2024-06-25,good
50,8,2024-08-02,2024-07-18,good
50,9,2024-09-02,2024-08-30,good
50,10,2024-10-02,2024-09-29,good
50,11,2024-11-02,2024-10-18,good
50,12,2024-12-02,2024-11-22,good
51,1,2024-01-02,2024-01-01,mixed
51,2,2024-02-02,2024-02-15,mixed
51,3,2024-03-02,2024-02-27,mixed
51,4,2024-04-02,2024-04-03,mixed
51,5,2024-05-02,2024-05-03,mixed
51,6,2024-06-02,2024-05-25,mixed
51,7,2024-07-02,2024-06-26,mixed
51,8,2024-08-02,2024-08-04,mixed
51,9,2024-09-02,2024-08-26,mixed
51,10,2024-10-02,2024-10-04,mixed
51,11,2024-11-02,2024-10-25,mixed
51,12,2024-12-02,2024-12-16,mixed
52,1,2024-01-02,2024-01-04,mixed
52,2,2024-02-02,2024-01-25,mixed
52,3,2024-03-02,2024-02-28,mixed
52,4,2024-04-02,2024-04-11,mixed
52,5,2024-05-02,2024-05-15,mixed
52,6,2024-06-02,2024-06-03,mixed
52,7,2024-07-02,2024-06-25,mixed
52,8,2024-08-02,2024-08-04,mixed
52,9,2024-09-02,2024-09-07,mixed
52,10,2024-10-02,2024-10-03,mixed
52,11,2024-11-02,2024-11-05,mixed
52,12,2024-12-02,2024-11-30,mixed
53,1,2024-01-02,2023-12-25,good
53,2,2024-02-02,2024-01-21,good
53,3,2024-03-02,2024-02-21,good
53,4,2024-04-02,2024-03-23,good
53,5,2024-05-02,2024-04-17,good
53,6,2024-06-02,2024-05-23,good
53,7,2024-07-02,2024-06-20,good
53,8,2024-08-02,2024-07-23,good
53,9,2024-09-02,2024-08-21,good
53,10,2024-10-02,2024-09-29,good
53,11,2024-11-02,2024-10-26,good
53,12,2024-12-02,2024-11-25,good
54,1,2024-01-02,2024-01-05,mixed
54,2,2024-02-02,2024-01-31,mixed
54,3,2024-03-02,2024-03-03,mixed
54,4,2024-04-02,2024-04-14,mixed
54,5,2024-05-02,2024-05-03,mixed
54,6,2024-06-02,2024-05-27,mixed
54,7,2024-07-02,2024-07-16,mixed
54,8,2024-08-02,2024-08-03,mixed
54,9,2024-09-02,2024-09-10,mixed
54,10,2024-10-02,2024-10-10,mixed
54,11,2024-11-02,2024-11-01,mixed
54,12,2024-12-02,2024-12-06,mixed
55,1,2024-01-02,2023-12-23,good
55,2,2024-02-02,2024-01-23,good
55,3,2024-03-02,2024-02-24,good
55,4,2024-04-02,2024-03-26,good
55,5,2024-05-02,2024-04-22,good
55,6,2024-06-02,2024-06-02,good
55,7,2024-07-02,2024-06-25,good
55,8,2024-08-02,2024-07-21,good
55,9,2024-09-02,2024-08-21,good
55,10,2024-10-02,2024-09-20,good
55,11,2024-11-02,2024-10-21,good
55,12,2024-12-02,2024-11-20,good
56,1,2024-01-02,2023-12-23,good
56,2,2024-02-02,2024-01-21,good
56,3,2024-03-02,2024-02-28,good
56,4,2024-04-02,2024-03-18,good
56,5,2024-05-02,2024-04-24,good
56,6,2024-06-02,2024-05-25,good
56,7,2024-07-02,2024-07-02,good
56,8,2024-08-02,2024-07-21,good
56,9,2024-09-02,2024-08-23,good
56,10,2024-10-02,2024-10-01,good
56,11,2024-11-02,2024-10-30,good
56,12,2024-12-02,2024-11-27,good
57,1,2024-01-02,2023-12-21,good
57,2,2024-02-02,2024-01-26,good
57,3,2024-03-02,2024-02-28,good
57,4,2024-04-02,2024-03-26,good
57,5,2024-05-02,2024-04-25,good
57,6,2024-06-02,2024-05-23,good
57,7,2024-07-02,2024-06-27,good
57,8,2024-08-02,2024-07-21,good
57,9,2024-09-02,2024-08-23,good
57,10,2024-10-02,2024-09-24,good
57,11,2024-11-02,2024-10-25,good
57,12,2024-12-02,2024-11-20,good
58,1,2024-01-02,2023-12-26,good
58,2,2024-02-02,2024-01-23,good
58,3,2024-03-02,2024-02-24,good
58,4,2024-04-02,2024-03-21,good
58,5,2024-05-02,2024-04-24,good
58,6,2024-06-02,2024-05-25,good
58,7,2024-07-02,2024-06-17,good
58,8,2024-08-02,2024-07-23,good
58,9,2024-09-02,2024-08-21,good
58,10,2024-10-02,2024-09-17,good
58,11,2024-11-02,2024-11-02,good
58,12,2024-12-02,2024-11-22,good
59,1,2024-01-02,2024-01-17,mixed
59,2,2024-02-02,2024-02-13,mixed
59,3,2024-03-02,2024-03-09,mixed
59,4,2024-04-02,2024-04-01,mixed
59,5,2024-05-02,2024-05-09,mixed
59,6,2024-06-02,2024-06-07,mixed
59,7,2024-07-02,2024-07-03,mixed
59,8,2024-08-02,2024-07-25,mixed
59,9,2024-09-02,2024-09-12,mixed
59,10,2024-10-02,2024-09-25,mixed
59,11,2024-11-02,2024-11-15,mixed
59,12,2024-12-02,2024-12-01,mixed
60,1,2024-01-02,2024-02-01,risky
60,2,2024-02-02,2024-02-17,risky
60,3,2024-03-02,2024-04-16,risky
60,4,2024-04-02,2024-06-01,risky
60,5,2024-05-02,2024-05-07,risky
60,6,2024-06-02,2024-06-17,risky
60,7,2024-07-02,2024-08-16,risky
60,8,2024-08-02,2024-09-01,risky
60,9,2024-09-02,2024-09-02,risky
60,10,2024-10-02,2024-11-01,risky
60,11,2024-11-02,2024-12-17,risky
60,12,2024-12-02,2025-01-01,risky
61,1,2024-01-02,2024-01-15,mixed
61,2,2024-02-02,2024-01-28,mixed
61,3,2024-03-02,2024-03-13,mixed
61,4,2024-04-02,2024-04-13,mixed
61,5,2024-05-02,2024-04-29,mixed
61,6,2024-06-02,2024-06-04,mixed
61,7,2024-07-02,2024-07-14,mixed
61,8,2024-08-02,2024-07-24,mixed
61,9,2024-09-02,2024-09-05,mixed
61,10,2024-10-02,2024-10-08,mixed
61,11,2024-11-02,2024-10-24,mixed
61,12,2024-12-02,2024-11-30,mixed
62,1,2024-01-02,2024-01-11,mixed
62,2,2024-02-02,2024-02-10,mixed
62,3,2024-03-02,2024-03-04,mixed
62,4,2024-04-02,2024-03-30,mixed
62,5,2024-05-02,2024-05-12,mixed
62,6,2024-06-02,2024-06-17,mixed
62,7,2024-07-02,2024-06-25,mixed
62,8,2024-08-02,2024-08-03,mixed
62,9,2024-09-02,2024-09-17,mixed
62,10,2024-10-02,2024-09-23,mixed
62,11,2024-11-02,2024-11-01,mixed
62,12,2024-12-02,2024-12-17,mixed
63,1,2024-01-02,2023-12-25,good
63,2,2024-02-02,2024-01-18,good
63,3,2024-03-02,2024-02-19,good
63,4,2024-04-02,2024-03-25,good
63,5,2024-05-02,2024-04-24,good
63,6,2024-06-02,2024-05-23,good
63,7,2024-07-02,2024-06-27,good
63,8,2024-08-02,2024-07-26,good
63,9,2024-09-02,2024-08-21,good
63,10,2024-10-02,2024-09-29,good
63,11,2024-11-02,2024-10-25,good
63,12,2024-12-02,2024-11-27,good
64,1,2024-01-02,2024-01-02,good
64,2,2024-02-02,2024-01-28,good
64,3,2024-03-02,2024-02-26,good
64,4,2024-04-02,2024-03-28,good
64,5,2024-05-02,2024-04-20,good
64,6,2024-06-02,2024-05-21,good
64,7,2024-07-02,2024-06-27,good
64,8,2024-08-02,2024-07-25,good
64,9,2024-09-02,2024-08-28,good
64,10,2024-10-02,2024-09-20,good
64,11,2024-11-02,2024-10-25,good
64,12,2024-12-02,2024-11-22,good
65,1,2024-01-02,2023-12-26,good
65,2,2024-02-02,2024-01-25,good
65,3,2024-03-02,2024-02-23,good
65,4,2024-04-02,2024-03-25,good
65,5,2024-05-02,2024-04-24,good
65,6,2024-06-02,2024-05-28,good
65,7,2024-07-02,2024-06-17,good
65,8,2024-08-02,2024-07-26,good
65,9,2024-09-02,2024-08-26,good
65,10,2024-10-02,2024-09-27,good
65,11,2024-11-02,2024-10-26,good
65,12,2024-12-02,2024-11-27,good
66,1,2024-01-02,2024-01-17,risky
66,2,2024-02-02,2024-02-07,risky
66,3,2024-03-02,2024-03-17,risky
66,4,2024-04-02,2024-04-17,risky
66,5,2024-05-02,2024-06-01,risky
66,6,2024-06-02,2024-07-17,risky
66,7,2024-07-02,2024-07-07,risky
66,8,2024-08-02,2024-08-07,risky
66,9,2024-09-02,2024-09-17,risky
66,10,2024-10-02,2024-11-01,risky
66,11,2024-11-02,2024-12-02,risky
66,12,2024-12-02,2024-12-07,risky
67,1,2024-01-02,2024-02-01,risky
67,2,2024-02-02,2024-02-02,risky
67,3,2024-03-02,2024-04-01,risky
67,4,2024-04-02,2024-05-02,risky
67,5,2024-05-02,2024-05-17,risky
67,6,2024-06-02,2024-06-07,risky
67,7,2024-07-02,2024-07-07,risky
67,8,2024-08-02,2024-08-07,risky
67,9,2024-09-02,2024-10-17,risky
67,10,2024-10-02,2024-11-16,risky
67,11,2024-11-02,2024-11-07,risky
67,12,2024-12-02,2024-12-07,risky
68,1,2024-01-02,2023-12-21,good
68,2,2024-02-02,2024-01-28,good
68,3,2024-03-02,2024-02-21,good
68,4,2024-04-02,2024-03-23,good
68,5,2024-05-02,2024-04-20,good
68,6,2024-06-02,2024-05-26,good
68,7,2024-07-02,2024-06-22,good
68,8,2024-08-02,2024-07-28,good
68,9,2024-09-02,2024-08-21,good
68,10,2024-10-02,2024-09-27,good
68,11,2024-11-02,2024-10-26,good
68,12,2024-12-02,2024-11-20,good
69,1,2024-01-02,2023-12-30,good
69,2,2024-02-02,2024-01-30,good
69,3,2024-03-02,2024-02-23,good
69,4,2024-04-02,2024-03-25,good
69,5,2024-05-02,2024-04-29,good
69,6,2024-06-02,2024-05-26,good
69,7,2024-07-02,2024-06-17,good
69,8,2024-08-02,2024-07-30,good
69,9,2024-09-02,2024-08-21,good
69,10,2024-10-02,2024-09-25,good
69,11,2024-11-02,2024-10-21,good
69,12,2024-12-02,2024-11-17,good
70,1,2024-01-02,2023-12-28,good
70,2,2024-02-02,2024-01-23,good
70,3,2024-03-02,2024-02-19,good
70,4,2024-04-02,2024-03-21,good
70,5,2024-05-02,2024-04-24,good
70,6,2024-06-02,2024-06-01,good
70,7,2024-07-02,2024-06-24,good
70,8,2024-08-02,2024-07-26,good
70,9,2024-09-02,2024-08-30,good
70,10,2024-10-02,2024-09-24,good
70,11,2024-11-02,2024-10-21,good
70,12,2024-12-02,2024-11-22,good
71,1,2024-01-02,2023-12-23,good
71,2,2024-02-02,2024-01-25,good
71,3,2024-03-02,2024-02-26,good
71,4,2024-04-02,2024-03-23,good
71,5,2024-05-02,2024-04-24,good
71,6,2024-06-02,2024-05-26,good
71,7,2024-07-02,2024-06-22,good
71,8,2024-08-02,2024-07-28,good
71,9,2024-09-02,2024-08-26,good
71,10,2024-10-02,2024-09-22,good
71,11,2024-11-02,2024-10-28,good
71,12,2024-12-02,2024-11-24,good
72,1,2024-01-02,2023-12-25,good
72,2,2024-02-02,2024-01-25,good
72,3,2024-03-02,2024-02-26,good
72,4,2024-04-02,2024-03-21,good
72,5,2024-05-02,2024-04-22,good
72,6,2024-06-02,2024-05-18,good
72,7,2024-07-02,2024-06-27,good
72,8,2024-08-02,2024-07-23,good
72,9,2024-09-02,2024-08-30,good
72,10,2024-10-02,2024-09-24,good
72,11,2024-11-02,2024-10-28,good
72,12,2024-12-02,2024-12-01,good
73,1,2024-01-02,2024-01-11,mixed
73,2,2024-02-02,2024-02-10,mixed
73,3,2024-03-02,2024-03-17,mixed
73,4,2024-04-02,2024-03-24,mixed
73,5,2024-05-02,2024-04-25,mixed
73,6,2024-06-02,2024-06-15,mixed
73,7,2024-07-02,2024-06-24,mixed
73,8,2024-08-02,2024-07-26,mixed
73,9,2024-09-02,2024-09-10,mixed
73,10,2024-10-02,2024-09-26,mixed
73,11,2024-11-02,2024-10-24,mixed
73,12,2024-12-02,2024-12-03,mixed
74,1,2024-01-02,2023-12-30,good
74,2,2024-02-02,2024-01-26,good
74,3,2024-03-02,2024-02-26,good
74,4,2024-04-02,2024-03-28,good
74,5,2024-05-02,2024-05-02,good
74,6,2024-06-02,2024-05-26,good
74,7,2024-07-02,2024-06-27,good
74,8,2024-08-02,2024-08-01,good
74,9,2024-09-02,2024-08-30,good
74,10,2024-10-02,2024-09-20,good
74,11,2024-11-02,2024-10-25,good
74,12,2024-12-02,2024-11-22,good
75,1,2024-01-02,2023-12-26,good
75,2,2024-02-02,2024-01-28,good
75,3,2024-03-02,2024-02-26,good
75,4,2024-04-02,2024-03-21,good
75,5,2024-05-02,2024-04-29,good
75,6,2024-06-02,2024-05-26,good
75,7,2024-07-02,2024-06-27,good
75,8,2024-08-02,2024-07-30,good
75,9,2024-09-02,2024-08-26,good
75,10,2024-10-02,2024-09-22,good
75,11,2024-11-02,2024-10-28,good
75,12,2024-12-02,2024-11-22,good
76,1,2024-01-02,2023-12-28,good
76,2,2024-02-02,2024-01-23,good
76,3,2024-03-02,2024-02-26,good
76,4,2024-04-02,2024-03-23,good
76,5,2024-05-02,2024-04-29,good
76,6,2024-06-02,2024-05-21,good
76,7,2024-07-02,2024-07-01,good
76,8,2024-08-02,2024-07-28,good
76,9,2024-09-02,2024-08-21,good
76,10,2024-10-02,2024-09-25,good
76,11,2024-11-02,2024-11-02,good
76,12,2024-12-02,2024-11-24,good
77,1,2024-01-02,2023-12-25,good
77,2,2024-02-02,2024-01-25,good
77,3,2024-03-02,2024-02-26,good
77,4,2024-04-02,2024-03-26,good
77,5,2024-05-02,2024-04-24,good
77,6,2024-06-02,2024-05-21,good
77,7,2024-07-02,2024-06-25,good
77,8,2024-08-02,2024-07-25,good
77,9,2024-09-02,2024-08-21,good
77,10,2024-10-02,2024-09-29,good
77,11,2024-11-02,2024-10-26,good
77,12,2024-12-02,2024-11-25,good
78,1,2024-01-02,2023-12-28,mixed
78,2,2024-02-02,2024-02-08,mixed
78,3,2024-03-02,2024-03-14,mixed
78,4,2024-04-02,2024-04-09,mixed
78,5,2024-05-02,2024-05-12,mixed
78,6,2024-06-02,2024-06-16,mixed
78,7,2024-07-02,2024-07-01,mixed
78,8,2024-08-02,2024-08-13,mixed
78,9,2024-09-02,2024-08-24,mixed
78,10,2024-10-02,2024-10-12,mixed
78,11,2024-11-02,2024-11-06,mixed
78,12,2024-12-02,2024-11-25,mixed
79,1,2024-01-02,2023-12-21,good
79,2,2024-02-02,2024-01-23,good
79,3,2024-03-02,2024-02-21,good
79,4,2024-04-02,2024-03-28,good
79,5,2024-05-02,2024-04-22,good
79,6,2024-06-02,2024-05-26,good
79,7,2024-07-02,2024-06-24,good
79,8,2024-08-02,2024-07-26,good
79,9,2024-09-02,2024-08-28,good
79,10,2024-10-02,2024-09-24,good
79,11,2024-11-02,2024-10-28,good
79,12,2024-12-02,2024-11-24,good
80,1,2024-01-02,2024-01-01,good
80,2,2024-02-02,2024-01-21,good
80,3,2024-03-02,2024-02-16,good
80,4,2024-04-02,2024-03-28,good
80,5,2024-05-02,2024-04-17,good
80,6,2024-06-02,2024-05-28,good
80,7,2024-07-02,2024-06-24,good
80,8,2024-08-02,2024-07-30,good
80,9,2024-09-02,2024-08-28,good
80,10,2024-10-02,2024-09-25,good
80,11,2024-11-02,2024-10-30,good
80,12,2024-12-02,2024-11-22,good
81,1,2024-01-02,2024-01-07,risky
81,2,2024-02-02,2024-02-17,risky
81,3,2024-03-02,2024-03-17,risky
81,4,2024-04-02,2024-04-17,risky
81,5,2024-05-02,2024-05-07,risky
81,6,2024-06-02,2024-07-17,risky
81,7,2024-07-02,2024-08-16,risky
81,8,2024-08-02,2024-10-01,risky
81,9,2024-09-02,2024-09-07,risky
81,10,2024-10-02,2024-11-01,risky
81,11,2024-11-02,2024-11-17,risky
81,12,2024-12-02,2024-12-17,risky
82,1,2024-01-02,2023-12-25,good
82,2,2024-02-02,2024-01-28,good
82,3,2024-03-02,2024-02-24,good
82,4,2024-04-02,2024-03-25,good
82,5,2024-05-02,2024-04-17,good
82,6,2024-06-02,2024-05-18,good
82,7,2024-07-02,2024-06-17,good
82,8,2024-08-02,2024-08-01,good
82,9,2024-09-02,2024-08-18,good
82,10,2024-10-02,2024-09-20,good
82,11,2024-11-02,2024-10-23,good
82,12,2024-12-02,2024-11-27,good
83,1,2024-01-02,2024-02-01,risky
83,2,2024-02-02,2024-03-03,risky
83,3,2024-03-02,2024-03-17,risky
83,4,2024-04-02,2024-04-07,risky
83,5,2024-05-02,2024-07-01,risky
83,6,2024-06-02,2024-07-02,risky
83,7,2024-07-02,2024-08-01,risky
83,8,2024-08-02,2024-09-01,risky
83,9,2024-09-02,2024-10-02,risky
83,10,2024-10-02,2024-11-01,risky
83,11,2024-11-02,2025-01-01,risky
83,12,2024-12-02,2025-01-16,risky
84,1,2024-01-02,2024-01-09,mixed
84,2,2024-02-02,2024-02-05,mixed
84,3,2024-03-02,2024-03-03,mixed
84,4,2024-04-02,2024-04-08,mixed
84,5,2024-05-02,2024-05-02,mixed
84,6,2024-06-02,2024-06-11,mixed
84,7,2024-07-02,2024-07-01,mixed
84,8,2024-08-02,2024-07-26,mixed
84,9,2024-09-02,2024-08-28,mixed
84,10,2024-10-02,2024-09-26,mixed
84,11,2024-11-02,2024-11-11,mixed
84,12,2024-12-02,2024-12-04,mixed
85,1,2024-01-02,2023-12-28,good
85,2,2024-02-02,2024-01-21,good
85,3,2024-03-02,2024-02-19,good
85,4,2024-04-02,2024-03-25,good
85,5,2024-05-02,2024-04-27,good
85,6,2024-06-02,2024-05-28,good
85,7,2024-07-02,2024-06-17,good
85,8,2024-08-02,2024-07-25,good
85,9,2024-09-02,2024-08-25,good
85,10,2024-10-02,2024-09-25,good
85,11,2024-11-02,2024-10-26,good
85,12,2024-12-02,2024-11-22,good
86,1,2024-01-02,2023-12-25,good
86,2,2024-02-02,2024-01-30,good
86,3,2024-03-02,2024-02-23,good
86,4,2024-04-02,2024-03-25,good
86,5,2024-05-02,2024-04-24,good
86,6,2024-06-02,2024-05-26,good
86,7,2024-07-02,2024-06-27,good
86,8,2024-08-02,2024-07-25,good
86,9,2024-09-02,2024-08-26,good
86,10,2024-10-02,2024-09-27,good
86,11,2024-11-02,2024-10-25,good
86,12,2024-12-02,2024-11-24,good
87,1,2024-01-02,2024-01-17,risky
87,2,2024-02-02,2024-02-17,risky
87,3,2024-03-02,2024-05-01,risky
87,4,2024-04-02,2024-04-02,risky
87,5,2024-05-02,2024-05-07,risky
87,6,2024-06-02,2024-06-17,risky
87,7,2024-07-02,2024-08-16,risky
87,8,2024-08-02,2024-08-07,risky
87,9,2024-09-02,2024-09-02,risky
87,10,2024-10-02,2024-10-07,risky
87,11,2024-11-02,2024-11-07,risky
87,12,2024-12-02,2024-12-02,risky
88,1,2024-01-02,2023-12-26,good
88,2,2024-02-02,2024-01-23,good
88,3,2024-03-02,2024-02-21,good
88,4,2024-04-02,2024-03-18,good
88,5,2024-05-02,2024-04-22,good
88,6,2024-06-02,2024-05-25,good
88,7,2024-07-02,2024-06-27,good
88,8,2024-08-02,2024-07-18,good
88,9,2024-09-02,2024-08-25,good
88,10,2024-10-02,2024-09-22,good
88,11,2024-11-02,2024-10-30,good
88,12,2024-12-02,2024-11-27,good
89,1,2024-01-02,2023-12-23,good
89,2,2024-02-02,2024-01-30,good
89,3,2024-03-02,2024-02-16,good
89,4,2024-04-02,2024-03-21,good
89,5,2024-05-02,2024-04-22,good
89,6,2024-06-02,2024-05-21,good
89,7,2024-07-02,2024-07-01,good
89,8,2024-08-02,2024-07-28,good
89,9,2024-09-02,2024-08-23,good
89,10,2024-10-02,2024-09-25,good
89,11,2024-11-02,2024-11-02,good
89,12,2024-12-02,2024-11-29,good
90,1,2024-01-02,2024-01-05,mixed
90,2,2024-02-02,2024-02-16,mixed
90,3,2024-03-02,2024-02-22,mixed
90,4,2024-04-02,2024-04-11,mixed
90,5,2024-05-02,2024-04-28,mixed
90,6,2024-06-02,2024-06-14,mixed
90,7,2024-07-02,2024-07-10,mixed
90,8,2024-08-02,2024-07-29,mixed
90,9,2024-09-02,2024-08-27,mixed
90,10,2024-10-02,2024-09-27,mixed
90,11,2024-11-02,2024-10-30,mixed
90,12,2024-12-02,2024-12-05,mixed
91,1,2024-01-02,2023-12-18,good
91,2,2024-02-02,2024-01-23,good
91,3,2024-03-02,2024-02-16,good
91,4,2024-04-02,2024-04-01,good
91,5,2024-05-02,2024-04-27,good
91,6,2024-06-02,2024-05-28,good
91,7,2024-07-02,2024-06-25,good
91,8,2024-08-02,2024-07-21,good
91,9,2024-09-02,2024-08-25,good
91,10,2024-10-02,2024-09-25,good
91,11,2024-11-02,2024-10-25,good
91,12,2024-12-02,2024-11-22,good
92,1,2024-01-02,2023-12-25,good
92,2,2024-02-02,2024-02-02,good
92,3,2024-03-02,2024-02-28,good
92,4,2024-04-02,2024-03-25,good
92,5,2024-05-02,2024-04-25,good
92,6,2024-06-02,2024-05-28,good
92,7,2024-07-02,2024-06-17,good
92,8,2024-08-02,2024-07-30,good
92,9,2024-09-02,2024-08-30,good
92,10,2024-10-02,2024-09-24,good
92,11,2024-11-02,2024-10-23,good
92,12,2024-12-02,2024-11-22,good
93,1,2024-01-02,2023-12-18,good
93,2,2024-02-02,2024-01-30,good
93,3,2024-03-02,2024-02-16,good
93,4,2024-04-02,2024-03-23,good
93,5,2024-05-02,2024-04-29,good
93,6,2024-06-02,2024-05-28,good
93,7,2024-07-02,2024-06-22,good
93,8,2024-08-02,2024-07-23,good
93,9,2024-09-02,2024-08-18,good
93,10,2024-10-02,2024-09-25,good
93,11,2024-11-02,2024-10-18,good
93,12,2024-12-02,2024-11-24,good
94,1,2024-01-02,2024-01-07,risky
94,2,2024-02-02,2024-03-18,risky
94,3,2024-03-02,2024-05-01,risky
94,4,2024-04-02,2024-04-07,risky
94,5,2024-05-02,2024-06-16,risky
94,6,2024-06-02,2024-06-17,risky
94,7,2024-07-02,2024-08-16,risky
94,8,2024-08-02,2024-09-01,risky
94,9,2024-09-02,2024-10-02,risky
94,10,2024-10-02,2024-10-17,risky
94,11,2024-11-02,2024-12-17,risky
94,12,2024-12-02,2025-01-01,risky
95,1,2024-01-02,2023-12-30,good
95,2,2024-02-02,2024-01-21,good
95,3,2024-03-02,2024-02-19,good
95,4,2024-04-02,2024-03-21,good
95,5,2024-05-02,2024-04-22,good
95,6,2024-06-02,2024-05-21,good
95,7,2024-07-02,2024-06-29,good
95,8,2024-08-02,2024-07-21,good
95,9,2024-09-02,2024-08-26,good
95,10,2024-10-02,2024-09-20,good
95,11,2024-11-02,2024-10-30,good
95,12,2024-12-02,2024-12-01,good
96,1,2024-01-02,2023-12-30,good
96,2,2024-02-02,2024-01-18,good
96,3,2024-03-02,2024-02-26,good
96,4,2024-04-02,2024-03-21,good
96,5,2024-05-02,2024-04-29,good
96,6,2024-06-02,2024-05-18,good
96,7,2024-07-02,2024-06-25,good
96,8,2024-08-02,2024-07-28,good
96,9,2024-09-02,2024-08-23,good
96,10,2024-10-02,2024-09-20,good
96,11,2024-11-02,2024-10-18,good
96,12,2024-12-02,2024-11-22,good
97,1,2024-01-02,2023-12-21,good
97,2,2024-02-02,2024-01-23,good
97,3,2024-03-02,2024-02-16,good
97,4,2024-04-02,2024-03-28,good
97,5,2024-05-02,2024-04-20,good
97,6,2024-06-02,2024-05-23,good
97,7,2024-07-02,2024-06-17,good
97,8,2024-08-02,2024-07-25,good
97,9,2024-09-02,2024-08-28,good
97,10,2024-10-02,2024-09-22,good
97,11,2024-11-02,2024-10-21,good
97,12,2024-12-02,2024-11-27,good
98,1,2024-01-02,2023-12-29,mixed
98,2,2024-02-02,2024-02-14,mixed
98,3,2024-03-02,2024-02-29,mixed
98,4,2024-04-02,2024-04-14,mixed
98,5,2024-05-02,2024-05-01,mixed
98,6,2024-06-02,2024-06-06,mixed
98,7,2024-07-02,2024-06-26,mixed
98,8,2024-08-02,2024-08-01,mixed
98,9,2024-09-02,2024-09-08,mixed
98,10,2024-10-02,2024-09-26,mixed
98,11,2024-11-02,2024-11-17,mixed
98,12,2024-12-02,2024-11-26,mixed
99,1,2024-01-02,2023-12-31,mixed
99,2,2024-02-02,2024-01-31,mixed
99,3,2024-03-02,2024-03-04,mixed
99,4,2024-04-02,2024-04-03,mixed
99,5,2024-05-02,2024-05-06,mixed
99,6,2024-06-02,2024-06-14,mixed
99,7,2024-07-02,2024-07-15,mixed
99,8,2024-08-02,2024-07-29,mixed
99,9,2024-09-02,2024-09-06,mixed
99,10,2024-10-02,2024-10-11,mixed
99,11,2024-11-02,2024-11-07,mixed
99,12,2024-12-02,2024-12-17,mixed
100,1,2024-01-02,2023-12-25,good
100,2,2024-02-02,2024-01-28,good
100,3,2024-03-02,2024-02-24,good
100,4,2024-04-02,2024-03-25,good
100,5,2024-05-02,2024-04-22,good
100,6,2024-06-02,2024-06-02,good
100,7,2024-07-02,2024-06-24,good
100,8,2024-08-02,2024-07-25,good
100,9,2024-09-02,2024-08-21,good
100,10,2024-10-02,2024-09-27,good
100,11,2024-11-02,2024-10-26,good
100,12,2024-12-02,2024-11-20,good
101,1,2024-01-02,2023-12-26,good
101,2,2024-02-02,2024-01-26,good
101,3,2024-03-02,2024-02-21,good
101,4,2024-04-02,2024-04-01,good
101,5,2024-05-02,2024-04-20,good
101,6,2024-06-02,2024-05-25,good
101,7,2024-07-02,2024-06-29,good
101,8,2024-08-02,2024-07-25,good
101,9,2024-09-02,2024-08-26,good
101,10,2024-10-02,2024-09-22,good
101,11,2024-11-02,2024-10-23,good
101,12,2024-12-02,2024-12-02,good
102,1,2024-01-02,2023-12-30,good
102,2,2024-02-02,2024-01-21,good
102,3,2024-03-02,2024-02-19,good
102,4,2024-04-02,2024-03-18,good
102,5,2024-05-02,2024-04-25,good
102,6,2024-06-02,2024-05-23,good
102,7,2024-07-02,2024-06-29,good
102,8,2024-08-02,2024-07-25,good
102,9,2024-09-02,2024-09-01,good
102,10,2024-10-02,2024-09-20,good
102,11,2024-11-02,2024-10-30,good
102,12,2024-12-02,2024-11-27,good
103,1,2024-01-02,2024-01-04,mixed
103,2,2024-02-02,2024-01-31,mixed
103,3,2024-03-02,2024-02-27,mixed
103,4,2024-04-02,2024-04-11,mixed
103,5,2024-05-02,2024-05-15,mixed
103,6,2024-06-02,2024-06-06,mixed
103,7,2024-07-02,2024-06-27,mixed
103,8,2024-08-02,2024-07-25,mixed
103,9,2024-09-02,2024-09-15,mixed
103,10,2024-10-02,2024-09-28,mixed
103,11,2024-11-02,2024-11-04,mixed
103,12,2024-12-02,2024-12-03,mixed
104,1,2024-01-02,2023-12-21,good
104,2,2024-02-02,2024-01-21,good
104,3,2024-03-02,2024-02-24,good
104,4,2024-04-02,2024-03-25,good
104,5,2024-05-02,2024-04-20,good
104,6,2024-06-02,2024-05-25,good
104,7,2024-07-02,2024-06-17,good
104,8,2024-08-02,2024-07-26,good
104,9,2024-09-02,2024-08-23,good
104,10,2024-10-02,2024-09-27,good
104,11,2024-11-02,2024-10-23,good
104,12,2024-12-02,2024-11-24,good
105,1,2024-01-02,2023-12-18,good
105,2,2024-02-02,2024-01-23,good
105,3,2024-03-02,2024-02-23,good
105,4,2024-04-02,2024-03-26,good
105,5,2024-05-02,2024-04-22,good
105,6,2024-06-02,2024-05-26,good
105,7,2024-07-02,2024-06-29,good
105,8,2024-08-02,2024-07-28,good
105,9,2024-09-02,2024-08-18,good
105,10,2024-10-02,2024-09-24,good
105,11,2024-11-02,2024-10-21,good
105,12,2024-12-02,2024-11-20,good
106,1,2024-01-02,2024-01-07,risky
106,2,2024-02-02,2024-02-17,risky
106,3,2024-03-02,2024-04-01,risky
106,4,2024-04-02,2024-05-02,risky
106,5,2024-05-02,2024-06-01,risky
106,6,2024-06-02,2024-06-02,risky
106,7,2024-07-02,2024-07-17,risky
106,8,2024-08-02,2024-08-17,risky
106,9,2024-09-02,2024-09-07,risky
106,10,2024-10-02,2024-10-17,risky
106,11,2024-11-02,2024-11-02,risky
106,12,2024-12-02,2024-12-07,risky
107,1,2024-01-02,2023-12-21,good
107,2,2024-02-02,2024-01-26,good
107,3,2024-03-02,2024-02-24,good
107,4,2024-04-02,2024-03-28,good
107,5,2024-05-02,2024-04-20,good
107,6,2024-06-02,2024-05-21,good
107,7,2024-07-02,2024-06-20,good
107,8,2024-08-02,2024-07-26,good
107,9,2024-09-02,2024-08-28,good
107,10,2024-10-02,2024-09-17,good
107,11,2024-11-02,2024-10-30,good
107,12,2024-12-02,2024-11-17,good
108,1,2024-01-02,2023-12-28,good
108,2,2024-02-02,2024-01-30,good
108,3,2024-03-02,2024-02-26,good
108,4,2024-04-02,2024-03-28,good
108,5,2024-05-02,2024-04-22,good
108,6,2024-06-02,2024-05-28,good
108,7,2024-07-02,2024-06-17,good
108,8,2024-08-02,2024-07-30,good
108,9,2024-09-02,2024-08-25,good
108,10,2024-10-02,2024-09-27,good
108,11,2024-11-02,2024-10-25,good
108,12,2024-12-02,2024-11-25,good
109,1,2024-01-02,2023-12-28,good
109,2,2024-02-02,2024-01-18,good
109,3,2024-03-02,2024-02-16,good
109,4,2024-04-02,2024-03-21,good
109,5,2024-05-02,2024-04-20,good
109,6,2024-06-02,2024-05-30,good
109,7,2024-07-02,2024-06-20,good
109,8,2024-08-02,2024-08-01,good
109,9,2024-09-02,2024-08-23,good
109,10,2024-10-02,2024-09-20,good
109,11,2024-11-02,2024-10-28,good
109,12,2024-12-02,2024-11-25,good
110,1,2024-01-02,2023-12-26,good
110,2,2024-02-02,2024-01-28,good
110,3,2024-03-02,2024-02-19,good
110,4,2024-04-02,2024-04-02,good
110,5,2024-05-02,2024-05-01,good
110,6,2024-06-02,2024-05-26,good
110,7,2024-07-02,2024-06-20,good
110,8,2024-08-02,2024-07-26,good
110,9,2024-09-02,2024-08-18,good
110,10,2024-10-02,2024-09-17,good
110,11,2024-11-02,2024-10-23,good
110,12,2024-12-02,2024-11-24,good
111,1,2024-01-02,2024-02-01,risky
111,2,2024-02-02,2024-03-03,risky
111,3,2024-03-02,2024-03-17,risky
111,4,2024-04-02,2024-04-17,risky
111,5,2024-05-02,2024-05-17,risky
111,6,2024-06-02,2024-08-01,risky
111,7,2024-07-02,2024-07-02,risky
111,8,2024-08-02,2024-09-16,risky
111,9,2024-09-02,2024-10-02,risky
111,10,2024-10-02,2024-10-17,risky
111,11,2024-11-02,2024-12-02,risky
111,12,2024-12-02,2024-12-17,risky
112,1,2024-01-02,2024-02-16,risky
112,2,2024-02-02,2024-02-17,risky
112,3,2024-03-02,2024-03-17,risky
112,4,2024-04-02,2024-05-02,risky
112,5,2024-05-02,2024-06-16,risky
112,6,2024-06-02,2024-06-07,risky
112,7,2024-07-02,2024-08-01,risky
112,8,2024-08-02,2024-09-01,risky
112,9,2024-09-02,2024-10-02,risky
112,10,2024-10-02,2024-10-07,risky
112,11,2024-11-02,2024-12-02,risky
112,12,2024-12-02,2025-01-16,risky
113,1,2024-01-02,2023-12-21,good
113,2,2024-02-02,2024-02-01,good
113,3,2024-03-02,2024-02-19,good
113,4,2024-04-02,2024-03-30,good
113,5,2024-05-02,2024-04-24,good
113,6,2024-06-02,2024-05-21,good
113,7,2024-07-02,2024-06-29,good
113,8,2024-08-02,2024-07-25,good
113,9,2024-09-02,2024-08-25,good
113,10,2024-10-02,2024-09-22,good
113,11,2024-11-02,2024-10-26,good
113,12,2024-12-02,2024-11-20,good
114,1,2024-01-02,2024-01-01,good
114,2,2024-02-02,2024-01-23,good
114,3,2024-03-02,2024-02-24,good
114,4,2024-04-02,2024-03-23,good
114,5,2024-05-02,2024-04-27,good
114,6,2024-06-02,2024-05-21,good
114,7,2024-07-02,2024-07-01,good
114,8,2024-08-02,2024-07-25,good
114,9,2024-09-02,2024-08-21,good
114,10,2024-10-02,2024-09-17,good
114,11,2024-11-02,2024-10-21,good
114,12,2024-12-02,2024-11-24,good
115,1,2024-01-02,2023-12-28,good
115,2,2024-02-02,2024-01-25,good
115,3,2024-03-02,2024-02-19,good
115,4,2024-04-02,2024-03-26,good
115,5,2024-05-02,2024-04-27,good
115,6,2024-06-02,2024-05-21,good
115,7,2024-07-02,2024-06-20,good
115,8,2024-08-02,2024-07-18,good
115,9,2024-09-02,2024-08-28,good
115,10,2024-10-02,2024-09-25,good
115,11,2024-11-02,2024-10-25,good
115,12,2024-12-02,2024-11-27,good
116,1,2024-01-02,2024-01-03,mixed
116,2,2024-02-02,2024-02-03,mixed
116,3,2024-03-02,2024-03-12,mixed
116,4,2024-04-02,2024-04-06,mixed
116,5,2024-05-02,2024-04-28,mixed
116,6,2024-06-02,2024-05-31,mixed
116,7,2024-07-02,2024-07-04,mixed
116,8,2024-08-02,2024-08-16,mixed
116,9,2024-09-02,2024-09-09,mixed
116,10,2024-10-02,2024-10-13,mixed
116,11,2024-11-02,2024-10-29,mixed
116,12,2024-12-02,2024-12-17,mixed
117,1,2024-01-02,2023-12-25,good
117,2,2024-02-02,2024-01-30,good
117,3,2024-03-02,2024-02-21,good
117,4,2024-04-02,2024-03-25,good
117,5,2024-05-02,2024-04-17,good
117,6,2024-06-02,2024-05-21,good
117,7,2024-07-02,2024-07-02,good
117,8,2024-08-02,2024-08-01,good
117,9,2024-09-02,2024-08-18,good
117,10,2024-10-02,2024-10-01,good
117,11,2024-11-02,2024-10-26,good
117,12,2024-12-02,2024-11-29,good
118,1,2024-01-02,2023-12-25,good
118,2,2024-02-02,2024-01-25,good
118,3,2024-03-02,2024-02-24,good
118,4,2024-04-02,2024-03-21,good
118,5,2024-05-02,2024-04-17,good
118,6,2024-06-02,2024-05-23,good
118,7,2024-07-02,2024-06-27,good
118,8,2024-08-02,2024-07-21,good
118,9,2024-09-02,2024-08-26,good
118,10,2024-10-02,2024-10-01,good
118,11,2024-11-02,2024-10-18,good
118,12,2024-12-02,2024-11-25,good
119,1,2024-01-02,2023-12-30,good
119,2,2024-02-02,2024-01-21,good
119,3,2024-03-02,2024-02-24,good
119,4,2024-04-02,2024-03-28,good
119,5,2024-05-02,2024-04-29,good
119,6,2024-06-02,2024-05-26,good
119,7,2024-07-02,2024-06-24,good
119,8,2024-08-02,2024-07-26,good
119,9,2024-09-02,2024-08-30,good
119,10,2024-10-02,2024-09-25,good
119,11,2024-11-02,2024-10-18,good
119,12,2024-12-02,2024-11-29,good
120,1,2024-01-02,2024-01-17,mixed
120,2,2024-02-02,2024-02-17,mixed
120,3,2024-03-02,2024-02-28,mixed
120,4,2024-04-02,2024-04-02,mixed
120,5,2024-05-02,2024-05-04,mixed
120,6,2024-06-02,2024-05-28,mixed
120,7,2024-07-02,2024-07-02,mixed
120,8,2024-08-02,2024-08-13,mixed
120,9,2024-09-02,2024-09-09,mixed
120,10,2024-10-02,2024-10-16,mixed
120,11,2024-11-02,2024-10-31,mixed
120,12,2024-12-02,2024-12-12,mixed
121,1,2024-01-02,2023-12-30,good
121,2,2024-02-02,2024-02-02,good
121,3,2024-03-02,2024-02-26,good
121,4,2024-04-02,2024-03-18,good
121,5,2024-05-02,2024-04-22,good
121,6,2024-06-02,2024-05-21,good
121,7,2024-07-02,2024-06-25,good
121,8,2024-08-02,2024-07-28,good
121,9,2024-09-02,2024-08-30,good
121,10,2024-10-02,2024-09-24,good
121,11,2024-11-02,2024-10-30,good
121,12,2024-12-02,2024-11-29,good
122,1,2024-01-02,2023-12-30,good
122,2,2024-02-02,2024-01-23,good
122,3,2024-03-02,2024-02-21,good
122,4,2024-04-02,2024-03-26,good
122,5,2024-05-02,2024-04-22,good
122,6,2024-06-02,2024-05-26,good
122,7,2024-07-02,2024-06-25,good
122,8,2024-08-02,2024-07-26,good
122,9,2024-09-02,2024-08-23,good
122,10,2024-10-02,2024-09-24,good
122,11,2024-11-02,2024-10-26,good
122,12,2024-12-02,2024-11-24,good
123,1,2024-01-02,2023-12-18,good
123,2,2024-02-02,2024-01-26,good
123,3,2024-03-02,2024-02-19,good
123,4,2024-04-02,2024-03-26,good
123,5,2024-05-02,2024-04-27,good
123,6,2024-06-02,2024-05-25,good
123,7,2024-07-02,2024-06-24,good
123,8,2024-08-02,2024-08-01,good
123,9,2024-09-02,2024-08-28,good
123,10,2024-10-02,2024-09-29,good
123,11,2024-11-02,2024-10-28,good
123,12,2024-12-02,2024-11-20,good
124,1,2024-01-02,2023-12-25,good
124,2,2024-02-02,2024-01-21,good
124,3,2024-03-02,2024-02-23,good
124,4,2024-04-02,2024-03-23,good
124,5,2024-05-02,2024-04-24,good
124,6,2024-06-02,2024-05-28,good
124,7,2024-07-02,2024-06-27,good
124,8,2024-08-02,2024-07-25,good
124,9,2024-09-02,2024-08-28,good
124,10,2024-10-02,2024-09-24,good
124,11,2024-11-02,2024-10-30,good
124,12,2024-12-02,2024-11-17,good
125,1,2024-01-02,2024-02-01,risky
125,2,2024-02-02,2024-02-17,risky
125,3,2024-03-02,2024-03-07,risky
125,4,2024-04-02,2024-04-17,risky
125,5,2024-05-02,2024-05-07,risky
125,6,2024-06-02,2024-06-07,risky
125,7,2024-07-02,2024-08-01,risky
125,8,2024-08-02,2024-08-17,risky
125,9,2024-09-02,2024-10-02,risky
125,10,2024-10-02,2024-11-16,risky
125,11,2024-11-02,2024-11-17,risky
125,12,2024-12-02,2025-01-01,risky
126,1,2024-01-02,2023-12-28,good
126,2,2024-02-02,2024-01-23,good
126,3,2024-03-02,2024-03-01,good
126,4,2024-04-02,2024-03-28,good
126,5,2024-05-02,2024-04-24,good
126,6,2024-06-02,2024-05-21,good
126,7,2024-07-02,2024-06-29,good
126,8,2024-08-02,2024-07-28,good
126,9,2024-09-02,2024-08-21,good
126,10,2024-10-02,2024-09-22,good
126,11,2024-11-02,2024-10-28,good
126,12,2024-12-02,2024-11-20,good
127,1,2024-01-02,2024-01-17,risky
127,2,2024-02-02,2024-02-07,risky
127,3,2024-03-02,2024-04-16,risky
127,4,2024-04-02,2024-04-17,risky
127,5,2024-05-02,2024-05-17,risky
127,6,2024-06-02,2024-06-07,risky
127,7,2024-07-02,2024-07-02,risky
127,8,2024-08-02,2024-09-01,risky
127,9,2024-09-02,2024-09-17,risky
127,10,2024-10-02,2024-11-01,risky
127,11,2024-11-02,2024-12-02,risky
127,12,2024-12-02,2025-01-01,risky
128,1,2024-01-02,2023-12-23,good
128,2,2024-02-02,2024-01-30,good
128,3,2024-03-02,2024-02-26,good
128,4,2024-04-02,2024-03-26,good
128,5,2024-05-02,2024-04-22,good
128,6,2024-06-02,2024-05-23,good
128,7,2024-07-02,2024-06-27,good
128,8,2024-08-02,2024-07-30,good
128,9,2024-09-02,2024-08-26,good
128,10,2024-10-02,2024-09-27,good
128,11,2024-11-02,2024-10-28,good
128,12,2024-12-02,2024-11-20,good
129,1,2024-01-02,2023-12-21,good
129,2,2024-02-02,2024-01-21,good
129,3,2024-03-02,2024-02-28,good
129,4,2024-04-02,2024-03-25,good
129,5,2024-05-02,2024-04-24,good
129,6,2024-06-02,2024-05-21,good
129,7,2024-07-02,2024-06-22,good
129,8,2024-08-02,2024-07-21,good
129,9,2024-09-02,2024-08-21,good
129,10,2024-10-02,2024-09-25,good
129,11,2024-11-02,2024-10-23,good
129,12,2024-12-02,2024-11-25,good
130,1,2024-01-02,2023-12-21,good
130,2,2024-02-02,2024-01-23,good
130,3,2024-03-02,2024-02-24,good
130,4,2024-04-02,2024-03-26,good
130,5,2024-05-02,2024-04-24,good
130,6,2024-06-02,2024-05-25,good
130,7,2024-07-02,2024-06-27,good
130,8,2024-08-02,2024-07-18,good
130,9,2024-09-02,2024-08-23,good
130,10,2024-10-02,2024-09-27,good
130,11,2024-11-02,2024-10-26,good
130,12,2024-12-02,2024-11-22,good
131,1,2024-01-02,2024-02-01,risky
131,2,2024-02-02,2024-02-17,risky
131,3,2024-03-02,2024-04-01,risky
131,4,2024-04-02,2024-05-02,risky
131,5,2024-05-02,2024-05-17,risky
131,6,2024-06-02,2024-06-17,risky
131,7,2024-07-02,2024-07-17,risky
131,8,2024-08-02,2024-09-01,risky
131,9,2024-09-02,2024-09-17,risky
131,10,2024-10-02,2024-11-16,risky
131,11,2024-11-02,2024-12-02,risky
131,12,2024-12-02,2024-12-07,risky
132,1,2024-01-02,2024-01-10,mixed
132,2,2024-02-02,2024-02-12,mixed
132,3,2024-03-02,2024-03-10,mixed
132,4,2024-04-02,2024-03-31,mixed
132,5,2024-05-02,2024-05-15,mixed
132,6,2024-06-02,2024-05-27,mixed
132,7,2024-07-02,2024-07-06,mixed
132,8,2024-08-02,2024-08-15,mixed
132,9,2024-09-02,2024-08-27,mixed
132,10,2024-10-02,2024-10-12,mixed
132,11,2024-11-02,2024-11-16,mixed
132,12,2024-12-02,2024-11-25,mixed
133,1,2024-01-02,2023-12-23,good
133,2,2024-02-02,2024-02-02,good
133,3,2024-03-02,2024-02-23,good
133,4,2024-04-02,2024-03-23,good
133,5,2024-05-02,2024-04-25,good
133,6,2024-06-02,2024-05-18,good
133,7,2024-07-02,2024-07-01,good
133,8,2024-08-02,2024-07-26,good
133,9,2024-09-02,2024-08-28,good
133,10,2024-10-02,2024-09-20,good
133,11,2024-11-02,2024-10-25,good
133,12,2024-12-02,2024-11-24,good
134,1,2024-01-02,2024-01-06,mixed
134,2,2024-02-02,2024-02-01,mixed
134,3,2024-03-02,2024-03-02,mixed
134,4,2024-04-02,2024-04-06,mixed
134,5,2024-05-02,2024-05-10,mixed
134,6,2024-06-02,2024-05-29,mixed
134,7,2024-07-02,2024-07-15,mixed
134,8,2024-08-02,2024-08-02,mixed
134,9,2024-09-02,2024-09-05,mixed
134,10,2024-10-02,2024-09-25,mixed
134,11,2024-11-02,2024-10-30,mixed
134,12,2024-12-02,2024-12-10,mixed
135,1,2024-01-02,2023-12-28,good
135,2,2024-02-02,2024-01-28,good
135,3,2024-03-02,2024-02-19,good
135,4,2024-04-02,2024-03-26,good
135,5,2024-05-02,2024-04-17,good
135,6,2024-06-02,2024-05-23,good
135,7,2024-07-02,2024-06-27,good
135,8,2024-08-02,2024-07-30,good
135,9,2024-09-02,2024-08-26,good
135,10,2024-10-02,2024-09-24,good
135,11,2024-11-02,2024-10-21,good
135,12,2024-12-02,2024-11-17,good
136,1,2024-01-02,2023-12-21,good
136,2,2024-02-02,2024-01-23,good
136,3,2024-03-02,2024-02-21,good
136,4,2024-04-02,2024-03-23,good
136,5,2024-05-02,2024-04-20,good
136,6,2024-06-02,2024-05-25,good
136,7,2024-07-02,2024-06-27,good
136,8,2024-08-02,2024-07-23,good
136,9,2024-09-02,2024-08-30,good
136,10,2024-10-02,2024-09-29,good
136,11,2024-11-02,2024-10-21,good
136,12,2024-12-02,2024-11-27,good
137,1,2024-01-02,2023-12-26,good
137,2,2024-02-02,2024-01-23,good
137,3,2024-03-02,2024-02-23,good
137,4,2024-04-02,2024-03-23,good
137,5,2024-05-02,2024-04-24,good
137,6,2024-06-02,2024-05-26,good
137,7,2024-07-02,2024-06-25,good
137,8,2024-08-02,2024-07-25,good
137,9,2024-09-02,2024-08-28,good
137,10,2024-10-02,2024-09-20,good
137,11,2024-11-02,2024-10-21,good
137,12,2024-12-02,2024-11-27,good
138,1,2024-01-02,2023-12-18,good
138,2,2024-02-02,2024-01-21,good
138,3,2024-03-02,2024-02-19,good
138,4,2024-04-02,2024-04-01,good
138,5,2024-05-02,2024-04-25,good
138,6,2024-06-02,2024-05-30,good
138,7,2024-07-02,2024-06-25,good
138,8,2024-08-02,2024-07-25,good
138,9,2024-09-02,2024-08-23,good
138,10,2024-10-02,2024-09-25,good
138,11,2024-11-02,2024-10-21,good
138,12,2024-12-02,2024-11-29,good
139,1,2024-01-02,2023-12-29,mixed
139,2,2024-02-02,2024-02-15,mixed
139,3,2024-03-02,2024-03-15,mixed
139,4,2024-04-02,2024-04-09,mixed
139,5,2024-05-02,2024-05-12,mixed
139,6,2024-06-02,2024-05-24,mixed
139,7,2024-07-02,2024-07-05,mixed
139,8,2024-08-02,2024-07-28,mixed
139,9,2024-09-02,2024-09-16,mixed
139,10,2024-10-02,2024-10-10,mixed
139,11,2024-11-02,2024-10-28,mixed
139,12,2024-12-02,2024-12-16,mixed
140,1,2024-01-02,2023-12-21,good
140,2,2024-02-02,2024-01-18,good
140,3,2024-03-02,2024-02-26,good
140,4,2024-04-02,2024-03-21,good
140,5,2024-05-02,2024-04-25,good
140,6,2024-06-02,2024-05-30,good
140,7,2024-07-02,2024-06-29,good
140,8,2024-08-02,2024-07-23,good
140,9,2024-09-02,2024-08-30,good
140,10,2024-10-02,2024-09-17,good
140,11,2024-11-02,2024-10-18,good
140,12,2024-12-02,2024-11-25,good
141,1,2024-01-02,2023-12-23,good
141,2,2024-02-02,2024-01-26,good
141,3,2024-03-02,2024-02-19,good
141,4,2024-04-02,2024-03-21,good
141,5,2024-05-02,2024-04-24,good
141,6,2024-06-02,2024-05-28,good
141,7,2024-07-02,2024-06-25,good
141,8,2024-08-02,2024-07-23,good
141,9,2024-09-02,2024-08-25,good
141,10,2024-10-02,2024-09-20,good
141,11,2024-11-02,2024-10-18,good
141,12,2024-12-02,2024-11-27,good
142,1,2024-01-02,2023-12-21,good
142,2,2024-02-02,2024-01-26,good
142,3,2024-03-02,2024-02-24,good
142,4,2024-04-02,2024-03-26,good
142,5,2024-05-02,2024-04-20,good
142,6,2024-06-02,2024-05-21,good
142,7,2024-07-02,2024-06-20,good
142,8,2024-08-02,2024-07-21,good
142,9,2024-09-02,2024-08-26,good
142,10,2024-10-02,2024-09-27,good
142,11,2024-11-02,2024-10-28,good
142,12,2024-12-02,2024-11-27,good
143,1,2024-01-02,2023-12-26,good
143,2,2024-02-02,2024-01-23,good
143,3,2024-03-02,2024-02-23,good
143,4,2024-04-02,2024-03-25,good
143,5,2024-05-02,2024-04-20,good
143,6,2024-06-02,2024-05-23,good
143,7,2024-07-02,2024-07-01,good
143,8,2024-08-02,2024-07-21,good
143,9,2024-09-02,2024-08-21,good
143,10,2024-10-02,2024-09-24,good
143,11,2024-11-02,2024-10-28,good
143,12,2024-12-02,2024-11-25,good
144,1,2024-01-02,2023-12-25,mixed
144,2,2024-02-02,2024-02-11,mixed
144,3,2024-03-02,2024-03-13,mixed
144,4,2024-04-02,2024-04-17,mixed
144,5,2024-05-02,2024-05-05,mixed
144,6,2024-06-02,2024-05-28,mixed
144,7,2024-07-02,2024-06-30,mixed
144,8,2024-08-02,2024-08-05,mixed
144,9,2024-09-02,2024-08-28,mixed
144,10,2024-10-02,2024-09-27,mixed
144,11,2024-11-02,2024-10-31,mixed
144,12,2024-12-02,2024-12-13,mixed
145,1,2024-01-02,2024-01-17,risky
145,2,2024-02-02,2024-02-07,risky
145,3,2024-03-02,2024-03-17,risky
145,4,2024-04-02,2024-04-17,risky
145,5,2024-05-02,2024-06-16,risky
145,6,2024-06-02,2024-06-07,risky
145,7,2024-07-02,2024-07-17,risky
145,8,2024-08-02,2024-08-07,risky
145,9,2024-09-02,2024-09-17,risky
145,10,2024-10-02,2024-11-01,risky
145,11,2024-11-02,2024-11-17,risky
145,12,2024-12-02,2024-12-17,risky
146,1,2024-01-02,2023-12-25,good
146,2,2024-02-02,2024-01-28,good
146,3,2024-03-02,2024-02-28,good
146,4,2024-04-02,2024-04-01,good
146,5,2024-05-02,2024-04-27,good
146,6,2024-06-02,2024-05-23,good
146,7,2024-07-02,2024-06-25,good
146,8,2024-08-02,2024-07-25,good
146,9,2024-09-02,2024-08-23,good
146,10,2024-10-02,2024-09-27,good
146,11,2024-11-02,2024-10-18,good
146,12,2024-12-02,2024-11-29,good
147,1,2024-01-02,2023-12-26,good
147,2,2024-02-02,2024-01-26,good
147,3,2024-03-02,2024-02-28,good
147,4,2024-04-02,2024-03-26,good
147,5,2024-05-02,2024-04-25,good
147,6,2024-06-02,2024-05-18,good
147,7,2024-07-02,2024-06-24,good
147,8,2024-08-02,2024-07-21,good
147,9,2024-09-02,2024-08-28,good
147,10,2024-10-02,2024-09-24,good
147,11,2024-11-02,2024-10-26,good
147,12,2024-12-02,2024-11-17,good
148,1,2024-01-02,2023-12-28,good
148,2,2024-02-02,2024-01-18,good
148,3,2024-03-02,2024-02-16,good
148,4,2024-04-02,2024-03-18,good
148,5,2024-05-02,2024-05-01,good
148,6,2024-06-02,2024-05-28,good
148,7,2024-07-02,2024-06-22,good
148,8,2024-08-02,2024-07-23,good
148,9,2024-09-02,2024-08-23,good
148,10,2024-10-02,2024-09-27,good
148,11,2024-11-02,2024-10-26,good
148,12,2024-12-02,2024-11-20,good
149,1,2024-01-02,2023-12-18,good
149,2,2024-02-02,2024-01-26,good
149,3,2024-03-02,2024-02-26,good
149,4,2024-04-02,2024-03-23,good
149,5,2024-05-02,2024-04-17,good
149,6,2024-06-02,2024-05-18,good
149,7,2024-07-02,2024-07-01,good
149,8,2024-08-02,2024-07-23,good
149,9,2024-09-02,2024-08-28,good
149,10,2024-10-02,2024-09-25,good
149,11,2024-11-02,2024-10-23,good
149,12,2024-12-02,2024-11-20,good
150,1,2024-01-02,2023-12-26,good
150,2,2024-02-02,2024-01-28,good
150,3,2024-03-02,2024-02-24,good
150,4,2024-04-02,2024-03-25,good
150,5,2024-05-02,2024-04-17,good
150,6,2024-06-02,2024-06-01,good
150,7,2024-07-02,2024-06-27,good
150,8,2024-08-02,2024-07-23,good
150,9,2024-09-02,2024-09-01,good
150,10,2024-10-02,2024-09-25,good
150,11,2024-11-02,2024-10-26,good
150,12,2024-12-02,2024-11-27,good
151,1,2024-01-02,2024-01-16,mixed
151,2,2024-02-02,2024-02-07,mixed
151,3,2024-03-02,2024-03-08,mixed
151,4,2024-04-02,2024-04-03,mixed
151,5,2024-05-02,2024-05-01,mixed
151,6,2024-06-02,2024-06-10,mixed
151,7,2024-07-02,2024-06-30,mixed
151,8,2024-08-02,2024-07-26,mixed
151,9,2024-09-02,2024-09-09,mixed
151,10,2024-10-02,2024-09-23,mixed
151,11,2024-11-02,2024-11-10,mixed
151,12,2024-12-02,2024-12-04,mixed
152,1,2024-01-02,2023-12-26,good
152,2,2024-02-02,2024-01-30,good
152,3,2024-03-02,2024-02-19,good
152,4,2024-04-02,2024-03-21,good
152,5,2024-05-02,2024-04-20,good
152,6,2024-06-02,2024-05-30,good
152,7,2024-07-02,2024-06-25,good
152,8,2024-08-02,2024-07-23,good
152,9,2024-09-02,2024-08-28,good
152,10,2024-10-02,2024-09-29,good
152,11,2024-11-02,2024-10-28,good
152,12,2024-12-02,2024-11-29,good
153,1,2024-01-02,2023-12-28,good
153,2,2024-02-02,2024-01-25,good
153,3,2024-03-02,2024-02-26,good
153,4,2024-04-02,2024-03-28,good
153,5,2024-05-02,2024-04-27,good
153,6,2024-06-02,2024-05-26,good
153,7,2024-07-02,2024-06-20,good
153,8,2024-08-02,2024-07-25,good
153,9,2024-09-02,2024-09-02,good
153,10,2024-10-02,2024-09-29,good
153,11,2024-11-02,2024-10-18,good
153,12,2024-12-02,2024-11-20,good
154,1,2024-01-02,2023-12-28,good
154,2,2024-02-02,2024-01-28,good
154,3,2024-03-02,2024-02-19,good
154,4,2024-04-02,2024-03-25,good
154,5,2024-05-02,2024-04-27,good
154,6,2024-06-02,2024-05-28,good
154,7,2024-07-02,2024-06-24,good
154,8,2024-08-02,2024-07-26,good
154,9,2024-09-02,2024-08-25,good
154,10,2024-10-02,2024-09-22,good
154,11,2024-11-02,2024-10-26,good
154,12,2024-12-02,2024-11-25,good
155,1,2024-01-02,2024-02-01,risky
155,2,2024-02-02,2024-03-03,risky
155,3,2024-03-02,2024-03-07,risky
155,4,2024-04-02,2024-04-17,risky
155,5,2024-05-02,2024-05-02,risky
155,6,2024-06-02,2024-06-07,risky
155,7,2024-07-02,2024-08-01,risky
155,8,2024-08-02,2024-10-01,risky
155,9,2024-09-02,2024-09-07,risky
155,10,2024-10-02,2024-10-17,risky
155,11,2024-11-02,2024-12-17,risky
155,12,2024-12-02,2024-12-07,risky
156,1,2024-01-02,2023-12-28,good
156,2,2024-02-02,2024-01-26,good
156,3,2024-03-02,2024-02-19,good
156,4,2024-04-02,2024-03-23,good
156,5,2024-05-02,2024-04-27,good
156,6,2024-06-02,2024-05-26,good
156,7,2024-07-02,2024-06-17,good
156,8,2024-08-02,2024-07-28,good
156,9,2024-09-02,2024-08-18,good
156,10,2024-10-02,2024-09-27,good
156,11,2024-11-02,2024-10-21,good
156,12,2024-12-02,2024-12-01,good
157,1,2024-01-02,2023-12-23,good
157,2,2024-02-02,2024-01-21,good
157,3,2024-03-02,2024-02-21,good
157,4,2024-04-02,2024-03-30,good
157,5,2024-05-02,2024-05-02,good
157,6,2024-06-02,2024-05-23,good
157,7,2024-07-02,2024-06-24,good
157,8,2024-08-02,2024-07-28,good
157,9,2024-09-02,2024-08-30,good
157,10,2024-10-02,2024-09-25,good
157,11,2024-11-02,2024-10-23,good
157,12,2024-12-02,2024-11-24,good
158,1,2024-01-02,2023-12-28,mixed
158,2,2024-02-02,2024-02-08,mixed
158,3,2024-03-02,2024-03-12,mixed
158,4,2024-04-02,2024-04-04,mixed
158,5,2024-05-02,2024-05-14,mixed
158,6,2024-06-02,2024-05-24,mixed
158,7,2024-07-02,2024-07-05,mixed
158,8,2024-08-02,2024-07-29,mixed
158,9,2024-09-02,2024-09-01,mixed
158,10,2024-10-02,2024-09-25,mixed
158,11,2024-11-02,2024-11-11,mixed
158,12,2024-12-02,2024-12-14,mixed
159,1,2024-01-02,2023-12-28,good
159,2,2024-02-02,2024-01-21,good
159,3,2024-03-02,2024-02-19,good
159,4,2024-04-02,2024-03-28,good
159,5,2024-05-02,2024-04-17,good
159,6,2024-06-02,2024-05-25,good
159,7,2024-07-02,2024-06-25,good
159,8,2024-08-02,2024-07-26,good
159,9,2024-09-02,2024-08-18,good
159,10,2024-10-02,2024-09-22,good
159,11,2024-11-02,2024-10-26,good
159,12,2024-12-02,2024-11-20,good
160,1,2024-01-02,2024-01-06,mixed
160,2,2024-02-02,2024-02-12,mixed
160,3,2024-03-02,2024-02-26,mixed
160,4,2024-04-02,2024-04-14,mixed
160,5,2024-05-02,2024-04-29,mixed
160,6,2024-06-02,2024-06-02,mixed
160,7,2024-07-02,2024-07-05,mixed
160,8,2024-08-02,2024-08-14,mixed
160,9,2024-09-02,2024-08-26,mixed
160,10,2024-10-02,2024-10-01,mixed
160,11,2024-11-02,2024-10-26,mixed
160,12,2024-12-02,2024-12-17,mixed
161,1,2024-01-02,2023-12-21,good
161,2,2024-02-02,2024-01-26,good
161,3,2024-03-02,2024-02-26,good
161,4,2024-04-02,2024-04-02,good
161,5,2024-05-02,2024-04-29,good
161,6,2024-06-02,2024-05-26,good
161,7,2024-07-02,2024-06-24,good
161,8,2024-08-02,2024-07-26,good
161,9,2024-09-02,2024-08-28,good
161,10,2024-10-02,2024-09-20,good
161,11,2024-11-02,2024-10-25,good
161,12,2024-12-02,2024-11-27,good
162,1,2024-01-02,2023-12-26,good
162,2,2024-02-02,2024-01-26,good
162,3,2024-03-02,2024-02-19,good
162,4,2024-04-02,2024-03-23,good
162,5,2024-05-02,2024-04-22,good
162,6,2024-06-02,2024-05-18,good
162,7,2024-07-02,2024-06-17,good
162,8,2024-08-02,2024-07-28,good
162,9,2024-09-02,2024-08-23,good
162,10,2024-10-02,2024-09-24,good
162,11,2024-11-02,2024-10-23,good
162,12,2024-12-02,2024-11-29,good
163,1,2024-01-02,2023-12-25,good
163,2,2024-02-02,2024-01-30,good
163,3,2024-03-02,2024-02-26,good
163,4,2024-04-02,2024-03-21,good
163,5,2024-05-02,2024-04-27,good
163,6,2024-06-02,2024-05-25,good
163,7,2024-07-02,2024-06-24,good
163,8,2024-08-02,2024-07-21,good
163,9,2024-09-02,2024-08-18,good
163,10,2024-10-02,2024-09-27,good
163,11,2024-11-02,2024-10-25,good
163,12,2024-12-02,2024-11-24,good
164,1,2024-01-02,2024-01-12,mixed
164,2,2024-02-02,2024-02-09,mixed
164,3,2024-03-02,2024-02-25,mixed
164,4,2024-04-02,2024-04-04,mixed
164,5,2024-05-02,2024-05-06,mixed
164,6,2024-06-02,2024-05-24,mixed
164,7,2024-07-02,2024-06-28,mixed
164,8,2024-08-02,2024-07-25,mixed
164,9,2024-09-02,2024-08-24,mixed
164,10,2024-10-02,2024-10-14,mixed
164,11,2024-11-02,2024-10-28,mixed
164,12,2024-12-02,2024-11-24,mixed
165,1,2024-01-02,2023-12-23,good
165,2,2024-02-02,2024-01-23,good
165,3,2024-03-02,2024-02-19,good
165,4,2024-04-02,2024-03-30,good
165,5,2024-05-02,2024-04-20,good
165,6,2024-06-02,2024-05-23,good
165,7,2024-07-02,2024-06-27,good
165,8,2024-08-02,2024-07-25,good
165,9,2024-09-02,2024-08-28,good
165,10,2024-10-02,2024-09-17,good
165,11,2024-11-02,2024-10-25,good
165,12,2024-12-02,2024-11-17,good
166,1,2024-01-02,2023-12-30,good
166,2,2024-02-02,2024-01-21,good
166,3,2024-03-02,2024-02-23,good
166,4,2024-04-02,2024-03-25,good
166,5,2024-05-02,2024-04-22,good
166,6,2024-06-02,2024-05-30,good
166,7,2024-07-02,2024-06-17,good
166,8,2024-08-02,2024-07-26,good
166,9,2024-09-02,2024-09-01,good
166,10,2024-10-02,2024-09-25,good
166,11,2024-11-02,2024-10-30,good
166,12,2024-12-02,2024-11-17,good
167,1,2024-01-02,2023-12-23,good
167,2,2024-02-02,2024-01-28,good
167,3,2024-03-02,2024-03-02,good
167,4,2024-04-02,2024-03-23,good
167,5,2024-05-02,2024-04-25,good
167,6,2024-06-02,2024-05-21,good
167,7,2024-07-02,2024-06-25,good
167,8,2024-08-02,2024-07-25,good
167,9,2024-09-02,2024-09-01,good
167,10,2024-10-02,2024-09-25,good
167,11,2024-11-02,2024-10-23,good
167,12,2024-12-02,2024-11-20,good
168,1,2024-01-02,2023-12-21,good
168,2,2024-02-02,2024-01-23,good
168,3,2024-03-02,2024-02-28,good
168,4,2024-04-02,2024-03-26,good
168,5,2024-05-02,2024-04-24,good
168,6,2024-06-02,2024-05-21,good
168,7,2024-07-02,2024-06-29,good
168,8,2024-08-02,2024-07-28,good
168,9,2024-09-02,2024-08-18,good
168,10,2024-10-02,2024-09-27,good
168,11,2024-11-02,2024-10-25,good
168,12,2024-12-02,2024-11-17,good
169,1,2024-01-02,2023-12-25,good
169,2,2024-02-02,2024-01-21,good
169,3,2024-03-02,2024-02-28,good
169,4,2024-04-02,2024-03-28,good
169,5,2024-05-02,2024-04-25,good
169,6,2024-06-02,2024-05-25,good
169,7,2024-07-02,2024-06-24,good
169,8,2024-08-02,2024-07-26,good
169,9,2024-09-02,2024-08-25,good
169,10,2024-10-02,2024-09-17,good
169,11,2024-11-02,2024-10-25,good
169,12,2024-12-02,2024-11-27,good
170,1,2024-01-02,2023-12-18,good
170,2,2024-02-02,2024-01-28,good
170,3,2024-03-02,2024-02-19,good
170,4,2024-04-02,2024-03-23,good
170,5,2024-05-02,2024-04-20,good
170,6,2024-06-02,2024-05-23,good
170,7,2024-07-02,2024-06-27,good
170,8,2024-08-02,2024-07-25,good
170,9,2024-09-02,2024-08-21,good
170,10,2024-10-02,2024-09-29,good
170,11,2024-11-02,2024-10-30,good
170,12,2024-12-02,2024-11-29,good
171,1,2024-01-02,2023-12-25,good
171,2,2024-02-02,2024-02-02,good
171,3,2024-03-02,2024-02-26,good
171,4,2024-04-02,2024-03-18,good
171,5,2024-05-02,2024-04-17,good
171,6,2024-06-02,2024-05-25,good
171,7,2024-07-02,2024-06-29,good
171,8,2024-08-02,2024-07-25,good
171,9,2024-09-02,2024-08-25,good
171,10,2024-10-02,2024-09-20,good
171,11,2024-11-02,2024-10-26,good
171,12,2024-12-02,2024-11-27,good
172,1,2024-01-02,2023-12-28,good
172,2,2024-02-02,2024-02-01,good
172,3,2024-03-02,2024-02-19,good
172,4,2024-04-02,2024-03-25,good
172,5,2024-05-02,2024-04-22,good
172,6,2024-06-02,2024-05-28,good
172,7,2024-07-02,2024-06-25,good
172,8,2024-08-02,2024-07-26,good
172,9,2024-09-02,2024-08-28,good
172,10,2024-10-02,2024-09-22,good
172,11,2024-11-02,2024-10-30,good
172,12,2024-12-02,2024-11-24,good
173,1,2024-01-02,2023-12-26,good
173,2,2024-02-02,2024-01-28,good
173,3,2024-03-02,2024-02-21,good
173,4,2024-04-02,2024-03-30,good
173,5,2024-05-02,2024-04-29,good
173,6,2024-06-02,2024-05-23,good
173,7,2024-07-02,2024-07-02,good
173,8,2024-08-02,2024-07-21,good
173,9,2024-09-02,2024-08-21,good
173,10,2024-10-02,2024-09-20,good
173,11,2024-11-02,2024-10-30,good
173,12,2024-12-02,2024-11-25,good
174,1,2024-01-02,2023-12-25,good
174,2,2024-02-02,2024-01-26,good
174,3,2024-03-02,2024-02-16,good
174,4,2024-04-02,2024-03-30,good
174,5,2024-05-02,2024-04-27,good
174,6,2024-06-02,2024-05-25,good
174,7,2024-07-02,2024-07-01,good
174,8,2024-08-02,2024-07-25,good
174,9,2024-09-02,2024-09-02,good
174,10,2024-10-02,2024-09-25,good
174,11,2024-11-02,2024-10-26,good
174,12,2024-12-02,2024-11-20,good
175,1,2024-01-02,2024-01-17,risky
175,2,2024-02-02,2024-02-07,risky
175,3,2024-03-02,2024-03-02,risky
175,4,2024-04-02,2024-05-02,risky
175,5,2024-05-02,2024-05-17,risky
175,6,2024-06-02,2024-07-02,risky
175,7,2024-07-02,2024-08-16,risky
175,8,2024-08-02,2024-08-07,risky
175,9,2024-09-02,2024-10-02,risky
175,10,2024-10-02,2024-10-07,risky
175,11,2024-11-02,2024-12-17,risky
175,12,2024-12-02,2025-01-16,risky
176,1,2024-01-02,2023-12-28,good
176,2,2024-02-02,2024-01-23,good
176,3,2024-03-02,2024-02-23,good
176,4,2024-04-02,2024-03-28,good
176,5,2024-05-02,2024-04-24,good
176,6,2024-06-02,2024-05-23,good
176,7,2024-07-02,2024-06-24,good
176,8,2024-08-02,2024-07-28,good
176,9,2024-09-02,2024-08-23,good
176,10,2024-10-02,2024-09-20,good
176,11,2024-11-02,2024-10-28,good
176,12,2024-12-02,2024-11-27,good
177,1,2024-01-02,2023-12-21,good
177,2,2024-02-02,2024-01-21,good
177,3,2024-03-02,2024-02-21,good
177,4,2024-04-02,2024-03-25,good
177,5,2024-05-02,2024-04-27,good
177,6,2024-06-02,2024-05-26,good
177,7,2024-07-02,2024-06-25,good
177,8,2024-08-02,2024-07-23,good
177,9,2024-09-02,2024-08-28,good
177,10,2024-10-02,2024-09-24,good
177,11,2024-11-02,2024-11-01,good
177,12,2024-12-02,2024-11-25,good
178,1,2024-01-02,2023-12-26,good
178,2,2024-02-02,2024-01-23,good
178,3,2024-03-02,2024-02-24,good
178,4,2024-04-02,2024-03-18,good
178,5,2024-05-02,2024-04-20,good
178,6,2024-06-02,2024-05-30,good
178,7,2024-07-02,2024-06-20,good
178,8,2024-08-02,2024-07-28,good
178,9,2024-09-02,2024-08-23,good
178,10,2024-10-02,2024-09-25,good
178,11,2024-11-02,2024-10-26,good
178,12,2024-12-02,2024-11-24,good
179,1,2024-01-02,2023-12-21,good
179,2,2024-02-02,2024-01-18,good
179,3,2024-03-02,2024-02-21,good
179,4,2024-04-02,2024-03-26,good
179,5,2024-05-02,2024-04-29,good
179,6,2024-06-02,2024-05-30,good
179,7,2024-07-02,2024-06-27,good
179,8,2024-08-02,2024-07-28,good
179,9,2024-09-02,2024-08-26,good
179,10,2024-10-02,2024-09-22,good
179,11,2024-11-02,2024-10-30,good
179,12,2024-12-02,2024-11-25,good
180,1,2024-01-02,2023-12-21,good
180,2,2024-02-02,2024-01-25,good
180,3,2024-03-02,2024-02-23,good
180,4,2024-04-02,2024-03-30,good
180,5,2024-05-02,2024-04-24,good
180,6,2024-06-02,2024-05-23,good
180,7,2024-07-02,2024-07-01,good
180,8,2024-08-02,2024-07-21,good
180,9,2024-09-02,2024-08-25,good
180,10,2024-10-02,2024-09-17,good
180,11,2024-11-02,2024-10-28,good
180,12,2024-12-02,2024-11-29,good
181,1,2024-01-02,2023-12-30,good
181,2,2024-02-02,2024-01-23,good
181,3,2024-03-02,2024-02-28,good
181,4,2024-04-02,2024-03-28,good
181,5,2024-05-02,2024-04-27,good
181,6,2024-06-02,2024-05-18,good
181,7,2024-07-02,2024-07-01,good
181,8,2024-08-02,2024-07-28,good
181,9,2024-09-02,2024-08-23,good
181,10,2024-10-02,2024-09-27,good
181,11,2024-11-02,2024-10-23,good
181,12,2024-12-02,2024-11-29,good
182,1,2024-01-02,2023-12-28,good
182,2,2024-02-02,2024-01-25,good
182,3,2024-03-02,2024-02-16,good
182,4,2024-04-02,2024-03-21,good
182,5,2024-05-02,2024-04-17,good
182,6,2024-06-02,2024-05-25,good
182,7,2024-07-02,2024-06-22,good
182,8,2024-08-02,2024-07-26,good
182,9,2024-09-02,2024-08-23,good
182,10,2024-10-02,2024-09-22,good
182,11,2024-11-02,2024-10-28,good
182,12,2024-12-02,2024-11-17,good
183,1,2024-01-02,2024-02-16,risky
183,2,2024-02-02,2024-03-03,risky
183,3,2024-03-02,2024-04-01,risky
183,4,2024-04-02,2024-05-17,risky
183,5,2024-05-02,2024-05-07,risky
183,6,2024-06-02,2024-06-07,risky
183,7,2024-07-02,2024-07-07,risky
183,8,2024-08-02,2024-09-01,risky
183,9,2024-09-02,2024-09-02,risky
183,10,2024-10-02,2024-11-01,risky
183,11,2024-11-02,2025-01-01,risky
183,12,2024-12-02,2025-01-16,risky
184,1,2024-01-02,2023-12-18,good
184,2,2024-02-02,2024-01-28,good
184,3,2024-03-02,2024-02-24,good
184,4,2024-04-02,2024-03-21,good
184,5,2024-05-02,2024-04-17,good
184,6,2024-06-02,2024-05-30,good
184,7,2024-07-02,2024-06-25,good
184,8,2024-08-02,2024-07-28,good
184,9,2024-09-02,2024-08-30,good
184,10,2024-10-02,2024-09-25,good
184,11,2024-11-02,2024-10-25,good
184,12,2024-12-02,2024-11-24,good
185,1,2024-01-02,2023-12-25,good
185,2,2024-02-02,2024-01-28,good
185,3,2024-03-02,2024-02-24,good
185,4,2024-04-02,2024-03-30,good
185,5,2024-05-02,2024-04-24,good
185,6,2024-06-02,2024-05-26,good
185,7,2024-07-02,2024-06-25,good
185,8,2024-08-02,2024-07-26,good
185,9,2024-09-02,2024-08-28,good
185,10,2024-10-02,2024-09-20,good
185,11,2024-11-02,2024-10-25,good
185,12,2024-12-02,2024-11-20,good
186,1,2024-01-02,2023-12-25,good
186,2,2024-02-02,2024-01-26,good
186,3,2024-03-02,2024-03-01,good
186,4,2024-04-02,2024-03-26,good
186,5,2024-05-02,2024-04-27,good
186,6,2024-06-02,2024-05-25,good
186,7,2024-07-02,2024-06-25,good
186,8,2024-08-02,2024-07-18,good
186,9,2024-09-02,2024-08-23,good
186,10,2024-10-02,2024-09-22,good
186,11,2024-11-02,2024-10-25,good
186,12,2024-12-02,2024-11-17,good
187,1,2024-01-02,2023-12-23,good
187,2,2024-02-02,2024-02-01,good
187,3,2024-03-02,2024-02-21,good
187,4,2024-04-02,2024-03-25,good
187,5,2024-05-02,2024-04-20,good
187,6,2024-06-02,2024-05-26,good
187,7,2024-07-02,2024-06-22,good
187,8,2024-08-02,2024-07-21,good
187,9,2024-09-02,2024-08-25,good
187,10,2024-10-02,2024-09-17,good
187,11,2024-11-02,2024-10-18,good
187,12,2024-12-02,2024-11-20,good
188,1,2024-01-02,2023-12-21,good
188,2,2024-02-02,2024-01-23,good
188,3,2024-03-02,2024-02-26,good
188,4,2024-04-02,2024-03-26,good
188,5,2024-05-02,2024-04-24,good
188,6,2024-06-02,2024-05-23,good
188,7,2024-07-02,2024-06-29,good
188,8,2024-08-02,2024-07-23,good
188,9,2024-09-02,2024-08-18,good
188,10,2024-10-02,2024-09-25,good
188,11,2024-11-02,2024-10-21,good
188,12,2024-12-02,2024-11-22,good
189,1,2024-01-02,2023-12-30,good
189,2,2024-02-02,2024-01-25,good
189,3,2024-03-02,2024-02-26,good
189,4,2024-04-02,2024-04-02,good
189,5,2024-05-02,2024-04-20,good
189,6,2024-06-02,2024-05-23,good
189,7,2024-07-02,2024-06-22,good
189,8,2024-08-02,2024-07-25,good
189,9,2024-09-02,2024-08-25,good
189,10,2024-10-02,2024-09-29,good
189,11,2024-11-02,2024-10-28,good
189,12,2024-12-02,2024-11-25,good
190,1,2024-01-02,2023-12-28,good
190,2,2024-02-02,2024-02-01,good
190,3,2024-03-02,2024-02-26,good
190,4,2024-04-02,2024-03-18,good
190,5,2024-05-02,2024-04-25,good
190,6,2024-06-02,2024-05-18,good
190,7,2024-07-02,2024-06-22,good
190,8,2024-08-02,2024-07-18,good
190,9,2024-09-02,2024-08-26,good
190,10,2024-10-02,2024-09-25,good
190,11,2024-11-02,2024-10-21,good
190,12,2024-12-02,2024-11-22,good
191,1,2024-01-02,2023-12-23,good
191,2,2024-02-02,2024-01-21,good
191,3,2024-03-02,2024-02-23,good
191,4,2024-04-02,2024-03-28,good
191,5,2024-05-02,2024-04-17,good
191,6,2024-06-02,2024-05-18,good
191,7,2024-07-02,2024-06-22,good
191,8,2024-08-02,2024-07-30,good
191,9,2024-09-02,2024-08-26,good
191,10,2024-10-02,2024-09-25,good
191,11,2024-11-02,2024-10-23,good
191,12,2024-12-02,2024-11-25,good
192,1,2024-01-02,2023-12-26,good
192,2,2024-02-02,2024-01-30,good
192,3,2024-03-02,2024-02-24,good
192,4,2024-04-02,2024-03-30,good
192,5,2024-05-02,2024-04-27,good
192,6,2024-06-02,2024-05-21,good
192,7,2024-07-02,2024-06-29,good
192,8,2024-08-02,2024-07-18,good
192,9,2024-09-02,2024-08-25,good
192,10,2024-10-02,2024-09-20,good
192,11,2024-11-02,2024-10-18,good
192,12,2024-12-02,2024-11-24,good
193,1,2024-01-02,2023-12-25,good
193,2,2024-02-02,2024-01-26,good
193,3,2024-03-02,2024-02-16,good
193,4,2024-04-02,2024-03-21,good
193,5,2024-05-02,2024-04-25,good
193,6,2024-06-02,2024-05-23,good
193,7,2024-07-02,2024-06-27,good
193,8,2024-08-02,2024-07-26,good
193,9,2024-09-02,2024-08-28,good
193,10,2024-10-02,2024-09-25,good
193,11,2024-11-02,2024-10-25,good
193,12,2024-12-02,2024-11-25,good
194,1,2024-01-02,2023-12-23,good
194,2,2024-02-02,2024-01-28,good
194,3,2024-03-02,2024-02-23,good
194,4,2024-04-02,2024-03-28,good
194,5,2024-05-02,2024-04-27,good
194,6,2024-06-02,2024-05-30,good
194,7,2024-07-02,2024-06-29,good
194,8,2024-08-02,2024-07-25,good
194,9,2024-09-02,2024-08-23,good
194,10,2024-10-02,2024-09-25,good
194,11,2024-11-02,2024-10-23,good
194,12,2024-12-02,2024-11-25,good
195,1,2024-01-02,2024-01-17,mixed
195,2,2024-02-02,2024-01-25,mixed
195,3,2024-03-02,2024-03-11,mixed
195,4,2024-04-02,2024-04-16,mixed
195,5,2024-05-02,2024-04-24,mixed
195,6,2024-06-02,2024-06-13,mixed
195,7,2024-07-02,2024-07-11,mixed
195,8,2024-08-02,2024-08-14,mixed
195,9,2024-09-02,2024-09-13,mixed
195,10,2024-10-02,2024-09-24,mixed
195,11,2024-11-02,2024-11-17,mixed
195,12,2024-12-02,2024-12-17,mixed
196,1,2024-01-02,2024-01-17,risky
196,2,2024-02-02,2024-02-17,risky
196,3,2024-03-02,2024-03-17,risky
196,4,2024-04-02,2024-04-02,risky
196,5,2024-05-02,2024-05-17,risky
196,6,2024-06-02,2024-07-02,risky
196,7,2024-07-02,2024-08-01,risky
196,8,2024-08-02,2024-08-07,risky
196,9,2024-09-02,2024-10-17,risky
196,10,2024-10-02,2024-10-17,risky
196,11,2024-11-02,2024-12-17,risky
196,12,2024-12-02,2025-01-01,risky
197,1,2024-01-02,2023-12-21,good
197,2,2024-02-02,2024-01-21,good
197,3,2024-03-02,2024-03-01,good
197,4,2024-04-02,2024-03-21,good
197,5,2024-05-02,2024-05-01,good
197,6,2024-06-02,2024-05-25,good
197,7,2024-07-02,2024-06-20,good
197,8,2024-08-02,2024-07-18,good
197,9,2024-09-02,2024-08-21,good
197,10,2024-10-02,2024-09-29,good
197,11,2024-11-02,2024-10-25,good
197,12,2024-12-02,2024-11-22,good
198,1,2024-01-02,2023-12-21,good
198,2,2024-02-02,2024-01-25,good
198,3,2024-03-02,2024-02-19,good
198,4,2024-04-02,2024-03-28,good
198,5,2024-05-02,2024-04-22,good
198,6,2024-06-02,2024-05-23,good
198,7,2024-07-02,2024-06-24,good
198,8,2024-08-02,2024-07-25,good
198,9,2024-09-02,2024-09-02,good
198,10,2024-10-02,2024-09-24,good
198,11,2024-11-02,2024-10-18,good
198,12,2024-12-02,2024-11-25,good
199,1,2024-01-02,2023-12-18,good
199,2,2024-02-02,2024-02-01,good
199,3,2024-03-02,2024-02-26,good
199,4,2024-04-02,2024-04-02,good
199,5,2024-05-02,2024-04-24,good
199,6,2024-06-02,2024-05-25,good
199,7,2024-07-02,2024-06-20,good
199,8,2024-08-02,2024-07-21,good
199,9,2024-09-02,2024-08-28,good
199,10,2024-10-02,2024-09-22,good
199,11,2024-11-02,2024-10-28,good
199,12,2024-12-02,2024-11-27,good
